time_s,acceleration
0.000000,0.220516
0.000200,0.281087
0.000400,-0.256598
0.000600,0.097306
0.000800,0.030225
0.001000,0.241101
0.001200,-0.024015
0.001400,0.075473
0.001600,0.383072
0.001800,0.411120
0.002000,0.802359
0.002200,0.550699
0.002400,0.897349
0.002600,0.906980
0.002800,0.902869
0.003000,-0.227462
0.003200,0.499588
0.003400,0.843982
0.003600,0.431237
0.003800,0.662556
0.004000,0.992694
0.004200,0.866937
0.004400,0.795777
0.004600,1.342458
0.004800,0.828526
0.005000,1.234939
0.005200,0.966055
0.005400,1.022929
0.005600,0.926452
0.005800,0.822150
0.006000,0.991378
0.006200,0.718105
0.006400,1.223318
0.006600,1.108086
0.006800,0.977366
0.007000,1.291867
0.007200,0.836898
0.007400,0.608092
0.007600,1.206271
0.007800,0.755876
0.008000,0.749177
0.008200,1.134991
0.008400,1.330598
0.008600,0.887719
0.008800,0.851268
0.009000,1.441508
0.009200,0.701164
0.009400,1.254391
0.009600,1.136823
0.009800,0.833769
0.010000,0.965899
0.010200,0.768818
0.010400,0.800165
0.010600,0.910519
0.010800,0.753214
0.011000,0.498540
0.011200,1.068345
0.011400,0.718391
0.011600,1.047296
0.011800,0.787845
0.012000,1.507307
0.012200,0.921046
0.012400,0.422053
0.012600,0.392474
0.012800,0.488104
0.013000,0.581608
0.013200,0.252078
0.013400,0.360162
0.013600,0.621903
0.013800,0.203873
0.014000,0.546264
0.014200,0.606258
0.014400,0.273722
0.014600,0.653072
0.014800,0.500728
0.015000,0.730441
0.015200,0.601218
0.015400,0.360127
0.015600,0.352471
0.015800,0.486215
0.016000,0.444461
0.016200,-0.093560
0.016400,0.541255
0.016600,0.149722
0.016800,0.554180
0.017000,0.296520
0.017200,0.070754
0.017400,0.214850
0.017600,0.557107
0.017800,-0.008011
0.018000,-0.265326
0.018200,0.081113
0.018400,0.443098
0.018600,0.508739
0.018800,0.353534
0.019000,-0.450883
0.019200,0.003879
0.019400,-0.072255
0.019600,-0.012656
0.019800,-0.258023
0.020000,-0.068757
0.020200,-0.311738
0.020400,0.548567
0.020600,-0.032282
0.020800,-0.192539
0.021000,-0.389059
0.021200,0.144121
0.021400,0.034173
0.021600,0.162243
0.021800,-0.058377
0.022000,-0.279193
0.022200,-0.361359
0.022400,-0.388080
0.022600,-0.316176
0.022800,-0.061825
0.023000,-0.389639
0.023200,-0.199605
0.023400,-0.101730
0.023600,-0.423138
0.023800,-0.085017
0.024000,-0.244951
0.024200,-0.274973
0.024400,-0.398339
0.024600,-0.369928
0.024800,-0.650143
0.025000,-0.666725
0.025200,-0.416898
0.025400,-0.278487
0.025600,-0.582561
0.025800,-0.422473
0.026000,-0.628973
0.026200,-0.790340
0.026400,-0.614996
0.026600,-0.545599
0.026800,-0.837415
0.027000,-0.837250
0.027200,-0.835991
0.027400,-0.689753
0.027600,-1.127393
0.027800,-0.712946
0.028000,-0.738713
0.028200,-0.774997
0.028400,-0.988690
0.028600,-0.799483
0.028800,-1.166078
0.029000,-1.100737
0.029200,-0.730182
0.029400,-1.280874
0.029600,-1.127824
0.029800,-1.128249
0.030000,-0.837601
0.030200,-1.375227
0.030400,-1.176606
0.030600,-1.313750
0.030800,-0.640261
0.031000,-1.134038
0.031200,-1.204156
0.031400,-1.053934
0.031600,-0.873019
0.031800,-1.612492
0.032000,-1.368235
0.032200,-1.045647
0.032400,-1.258367
0.032600,-1.460601
0.032800,-1.274692
0.033000,-1.054107
0.033200,-1.005968
0.033400,-0.589801
0.033600,-1.480331
0.033800,-1.429793
0.034000,-1.348733
0.034200,-0.789071
0.034400,-1.240069
0.034600,-1.377860
0.034800,-0.775386
0.035000,-1.142128
0.035200,-0.655228
0.035400,-0.855672
0.035600,-1.048458
0.035800,-0.631596
0.036000,-0.621579
0.036200,-0.419039
0.036400,-0.865441
0.036600,-0.807748
0.036800,-0.324812
0.037000,-0.378359
0.037200,-0.554116
0.037400,-0.791894
0.037600,-0.801075
0.037800,-0.855850
0.038000,-0.703655
0.038200,-0.464641
0.038400,-0.667080
0.038600,-0.144420
0.038800,-0.924055
0.039000,-0.433999
0.039200,-0.357553
0.039400,0.011226
0.039600,0.036543
0.039800,-0.354797
0.040000,0.057183
0.040200,-0.213994
0.040400,0.166985
0.040600,-0.163995
0.040800,0.219526
0.041000,0.600826
0.041200,0.789461
0.041400,0.596266
0.041600,0.111234
0.041800,0.283197
0.042000,0.222663
0.042200,0.345550
0.042400,0.102307
0.042600,0.421805
0.042800,0.897854
0.043000,1.214837
0.043200,0.801505
0.043400,0.778927
0.043600,0.930281
0.043800,0.399389
0.044000,0.614111
0.044200,1.056347
0.044400,0.824732
0.044600,0.817322
0.044800,1.147607
0.045000,0.480420
0.045200,1.270284
0.045400,0.795117
0.045600,1.156919
0.045800,1.032464
0.046000,1.228898
0.046200,1.307609
0.046400,0.817548
0.046600,1.289154
0.046800,1.214002
0.047000,1.449620
0.047200,0.965425
0.047400,1.396888
0.047600,1.283078
0.047800,0.989712
0.048000,1.348287
0.048200,1.001171
0.048400,1.317320
0.048600,1.057274
0.048800,1.101348
0.049000,1.081927
0.049200,1.307784
0.049400,1.020727
0.049600,1.174535
0.049800,1.165119
0.050000,0.785190
0.050200,1.214808
0.050400,1.334926
0.050600,1.076415
0.050800,1.031383
0.051000,0.697483
0.051200,1.212584
0.051400,0.486006
0.051600,0.884178
0.051800,1.213800
0.052000,0.631860
0.052200,0.916409
0.052400,0.577062
0.052600,0.900133
0.052800,0.358437
0.053000,0.585689
0.053200,0.505781
0.053400,0.667051
0.053600,0.192818
0.053800,0.971519
0.054000,0.648769
0.054200,0.425800
0.054400,0.897195
0.054600,0.496132
0.054800,0.543586
0.055000,0.529179
0.055200,0.832745
0.055400,0.452663
0.055600,0.124924
0.055800,0.393117
0.056000,0.454979
0.056200,0.323180
0.056400,0.147211
0.056600,0.087915
0.056800,-0.153565
0.057000,0.372020
0.057200,0.024527
0.057400,0.054275
0.057600,0.324368
0.057800,0.449186
0.058000,-0.096825
0.058200,0.057211
0.058400,0.029765
0.058600,0.238161
0.058800,-0.164650
0.059000,-0.121382
0.059200,0.168171
0.059400,-0.103549
0.059600,-0.225689
0.059800,0.012920
0.060000,-0.229083
0.060200,-0.084092
0.060400,0.289492
0.060600,-0.091433
0.060800,-0.097430
0.061000,-0.196813
0.061200,-0.475658
0.061400,-0.067371
0.061600,0.125977
0.061800,0.170615
0.062000,0.551285
0.062200,-0.253245
0.062400,-0.146549
0.062600,-0.489910
0.062800,0.229845
0.063000,-0.003850
0.063200,-0.030483
0.063400,-0.140805
0.063600,-0.342793
0.063800,-0.964108
0.064000,-0.037505
0.064200,-0.203827
0.064400,-0.327440
0.064600,-0.619893
0.064800,-0.218161
0.065000,-0.382434
0.065200,-0.429322
0.065400,-0.778812
0.065600,-0.805439
0.065800,-0.570374
0.066000,-0.597787
0.066200,-0.854648
0.066400,-0.184474
0.066600,-0.751320
0.066800,-0.681576
0.067000,-0.623727
0.067200,-0.344167
0.067400,-0.929297
0.067600,-0.805067
0.067800,-1.100154
0.068000,-0.541892
0.068200,-0.719806
0.068400,-0.808521
0.068600,-0.798374
0.068800,-0.436263
0.069000,-0.937952
0.069200,-1.075912
0.069400,-1.093439
0.069600,-0.708951
0.069800,-0.836774
0.070000,-0.879956
0.070200,-1.177314
0.070400,-0.892737
0.070600,-0.892187
0.070800,-1.027774
0.071000,-1.097884
0.071200,-0.955948
0.071400,-0.982480
0.071600,-1.208997
0.071800,-1.172275
0.072000,-1.526802
0.072200,-0.950872
0.072400,-1.128348
0.072600,-0.712612
0.072800,-1.543539
0.073000,-1.050863
0.073200,-0.939142
0.073400,-1.254469
0.073600,-0.949788
0.073800,-0.988727
0.074000,-0.914403
0.074200,-1.090634
0.074400,-1.810278
0.074600,-0.977917
0.074800,-0.954954
0.075000,-1.139902
0.075200,-1.265378
0.075400,-0.778605
0.075600,-0.783887
0.075800,-0.460237
0.076000,-1.027175
0.076200,-0.498148
0.076400,-0.757757
0.076600,-0.852187
0.076800,-0.568032
0.077000,-0.437119
0.077200,-0.749711
0.077400,-0.186788
0.077600,-0.534558
0.077800,-0.806360
0.078000,-0.740631
0.078200,-0.144956
0.078400,-0.507361
0.078600,-0.302329
0.078800,-0.252924
0.079000,-0.261798
0.079200,0.057336
0.079400,-0.261430
0.079600,-0.371546
0.079800,-0.622460
0.080000,-0.029619
0.080200,-0.018907
0.080400,0.403688
0.080600,-0.035072
0.080800,0.443310
0.081000,0.161429
0.081200,0.709584
0.081400,0.081160
0.081600,0.268840
0.081800,0.582605
0.082000,0.753072
0.082200,0.709079
0.082400,0.205482
0.082600,0.851465
0.082800,0.616083
0.083000,0.249214
0.083200,0.553133
0.083400,0.641023
0.083600,0.562230
0.083800,1.121007
0.084000,0.959770
0.084200,1.139898
0.084400,0.662945
0.084600,0.491823
0.084800,1.047095
0.085000,0.965619
0.085200,1.194284
0.085400,1.163177
0.085600,1.055055
0.085800,1.232596
0.086000,1.065949
0.086200,1.110816
0.086400,1.565151
0.086600,1.402241
0.086800,0.824405
0.087000,0.697768
0.087200,1.436777
0.087400,0.990896
0.087600,1.068002
0.087800,0.978201
0.088000,1.179778
0.088200,0.990775
0.088400,0.791435
0.088600,0.636114
0.088800,0.476342
0.089000,0.801393
0.089200,1.360464
0.089400,0.807984
0.089600,1.023483
0.089800,1.295578
0.090000,1.328469
0.090200,0.844555
0.090400,1.144524
0.090600,0.854839
0.090800,0.445336
0.091000,1.149794
0.091200,0.917788
0.091400,0.650207
0.091600,0.899645
0.091800,0.909748
0.092000,0.845737
0.092200,0.539477
0.092400,0.714970
0.092600,0.811901
0.092800,0.900654
0.093000,0.634778
0.093200,0.394419
0.093400,0.747755
0.093600,0.927363
0.093800,0.445749
0.094000,0.697720
0.094200,0.810077
0.094400,0.789528
0.094600,0.838241
0.094800,0.550301
0.095000,0.809034
0.095200,0.773116
0.095400,0.206429
0.095600,0.469360
0.095800,0.429557
0.096000,0.178889
0.096200,0.247338
0.096400,-0.192375
0.096600,0.467557
0.096800,0.482895
0.097000,0.539458
0.097200,0.570322
0.097400,0.063670
0.097600,0.156992
0.097800,0.565283
0.098000,0.431987
0.098200,-0.039350
0.098400,-0.461848
0.098600,0.054484
0.098800,-0.171774
0.099000,0.094842
0.099200,0.305881
0.099400,-0.314519
0.099600,0.100162
0.099800,-0.288229
0.100000,0.620601
0.100200,-0.002815
0.100400,0.087336
0.100600,-0.308274
0.100800,-0.596350
0.101000,-0.318892
0.101200,-0.334532
0.101400,0.181457
0.101600,-0.415142
0.101800,0.061715
0.102000,-0.056701
0.102200,-0.207268
0.102400,-0.818601
0.102600,-0.352321
0.102800,0.009535
0.103000,-0.117410
0.103200,-0.233277
0.103400,-0.649191
0.103600,-0.278111
0.103800,-0.266213
0.104000,-0.471552
0.104200,-0.262477
0.104400,-0.569425
0.104600,-0.915223
0.104800,-0.595847
0.105000,-0.629684
0.105200,-0.174711
0.105400,-0.322208
0.105600,-0.537582
0.105800,-0.684702
0.106000,-0.431694
0.106200,-0.221103
0.106400,-0.859886
0.106600,-0.801446
0.106800,-0.377534
0.107000,-0.568542
0.107200,-0.821812
0.107400,-0.446696
0.107600,-0.620740
0.107800,-1.017228
0.108000,-0.735444
0.108200,-0.828135
0.108400,-0.434977
0.108600,-0.717623
0.108800,-0.769379
0.109000,-0.877109
0.109200,-0.799701
0.109400,-1.296003
0.109600,-1.330295
0.109800,-0.886473
0.110000,-0.900069
0.110200,-1.116075
0.110400,-1.528882
0.110600,-1.314354
0.110800,-0.919833
0.111000,-1.033219
0.111200,-1.234659
0.111400,-1.314609
0.111600,-1.022401
0.111800,-1.131963
0.112000,-1.137838
0.112200,-1.226325
0.112400,-1.063349
0.112600,-1.029321
0.112800,-1.254039
0.113000,-0.677589
0.113200,-1.234583
0.113400,-1.038240
0.113600,-1.458426
0.113800,-1.309267
0.114000,-0.816666
0.114200,-0.850702
0.114400,-0.962417
0.114600,-1.166274
0.114800,-0.890067
0.115000,-1.205342
0.115200,-0.666543
0.115400,-1.566575
0.115600,-0.979246
0.115800,-1.054363
0.116000,-0.501831
0.116200,-0.844022
0.116400,-0.452689
0.116600,-0.366707
0.116800,-0.579145
0.117000,-1.065739
0.117200,-0.806870
0.117400,-0.704181
0.117600,-0.439137
0.117800,-0.403184
0.118000,-0.788363
0.118200,-0.216802
0.118400,-0.622804
0.118600,-0.413060
0.118800,-0.215061
0.119000,-0.266134
0.119200,0.204708
0.119400,0.143885
0.119600,-0.423883
0.119800,-0.328540
0.120000,0.287446
0.120200,0.075429
0.120400,0.251215
0.120600,0.147224
0.120800,0.495144
0.121000,0.426601
0.121200,0.476028
0.121400,0.155409
0.121600,0.520986
0.121800,0.010394
0.122000,0.395774
0.122200,0.339234
0.122400,0.345085
0.122600,0.345193
0.122800,0.116506
0.123000,0.965847
0.123200,0.639639
0.123400,0.683806
0.123600,0.887342
0.123800,1.060823
0.124000,1.159756
0.124200,0.747154
0.124400,0.929991
0.124600,0.683006
0.124800,1.117252
0.125000,0.962369
0.125200,1.205751
0.125400,1.204965
0.125600,1.211509
0.125800,1.166342
0.126000,1.068539
0.126200,0.748852
0.126400,1.152803
0.126600,1.500677
0.126800,0.978913
0.127000,0.923917
0.127200,1.251969
0.127400,1.518573
0.127600,0.840650
0.127800,0.496269
0.128000,0.944296
0.128200,1.119177
0.128400,1.053323
0.128600,1.017287
0.128800,0.948650
0.129000,0.903224
0.129200,0.847492
0.129400,1.132403
0.129600,1.172481
0.129800,0.618872
0.130000,1.395477
0.130200,1.094186
0.130400,1.105186
0.130600,0.877999
0.130800,0.993644
0.131000,0.629533
0.131200,1.286106
0.131400,1.223197
0.131600,0.788261
0.131800,0.496653
0.132000,0.727649
0.132200,0.929348
0.132400,0.660190
0.132600,0.536603
0.132800,0.752415
0.133000,0.470297
0.133200,0.999037
0.133400,0.878045
0.133600,0.784069
0.133800,0.417667
0.134000,0.622963
0.134200,0.825353
0.134400,0.001662
0.134600,0.553512
0.134800,0.831018
0.135000,0.909985
0.135200,0.197401
0.135400,0.482339
0.135600,0.652933
0.135800,0.672221
0.136000,-0.109893
0.136200,-0.172755
0.136400,0.348193
0.136600,0.414544
0.136800,0.239529
0.137000,0.169771
0.137200,0.552658
0.137400,0.584282
0.137600,0.048941
0.137800,0.218806
0.138000,-0.127149
0.138200,0.578908
0.138400,-0.222809
0.138600,-0.155824
0.138800,-0.127103
0.139000,-0.182939
0.139200,0.382551
0.139400,0.627674
0.139600,0.096628
0.139800,-0.068300
0.140000,0.180437
0.140200,-0.242468
0.140400,0.302982
0.140600,-0.056376
0.140800,0.041978
0.141000,-0.251995
0.141200,-0.146456
0.141400,-0.516604
0.141600,-0.123572
0.141800,0.077529
0.142000,-0.624956
0.142200,-0.431840
0.142400,-0.316026
0.142600,-0.292322
0.142800,-0.255720
0.143000,-0.263004
0.143200,-0.199738
0.143400,-0.298842
0.143600,-0.730101
0.143800,-0.251214
0.144000,-0.049165
0.144200,-0.306245
0.144400,-0.835218
0.144600,-0.355204
0.144800,-0.316204
0.145000,-0.704419
0.145200,-0.460415
0.145400,-0.182973
0.145600,-0.120595
0.145800,-0.516383
0.146000,-0.444390
0.146200,-0.635915
0.146400,-0.720584
0.146600,-0.295415
0.146800,-0.424610
0.147000,-0.534502
0.147200,-0.843835
0.147400,-0.368698
0.147600,-0.498523
0.147800,-1.104444
0.148000,-0.531963
0.148200,-0.784261
0.148400,-0.778525
0.148600,-1.373739
0.148800,-1.256043
0.149000,-0.663054
0.149200,-1.121690
0.149400,-0.745604
0.149600,-1.298483
0.149800,-1.352620
0.150000,-0.522311
0.150200,-0.787855
0.150400,-1.061450
0.150600,-0.986480
0.150800,-1.231436
0.151000,-0.975942
0.151200,-0.779461
0.151400,-1.186230
0.151600,-0.967614
0.151800,-1.517304
0.152000,-0.647620
0.152200,-0.849091
0.152400,-1.108413
0.152600,-1.183604
0.152800,-0.744704
0.153000,-1.219453
0.153200,-0.994950
0.153400,-1.158290
0.153600,-1.301218
0.153800,-0.799816
0.154000,-1.149834
0.154200,-0.916253
0.154400,-1.102915
0.154600,-1.031757
0.154800,-1.021238
0.155000,-1.120822
0.155200,-0.750726
0.155400,-0.931037
0.155600,-0.667311
0.155800,-0.668347
0.156000,-0.519979
0.156200,-0.917408
0.156400,-0.596107
0.156600,-0.771718
0.156800,-0.698430
0.157000,-0.834853
0.157200,-0.737019
0.157400,-0.421851
0.157600,-0.624760
0.157800,-0.680463
0.158000,-0.243888
0.158200,-0.323743
0.158400,-0.673760
0.158600,-0.298160
0.158800,0.002643
0.159000,0.040362
0.159200,-0.321795
0.159400,-0.418633
0.159600,-0.185514
0.159800,0.288911
0.160000,0.185934
0.160200,-0.526315
0.160400,0.308811
0.160600,-0.413505
0.160800,0.670648
0.161000,0.445029
0.161200,0.180767
0.161400,0.351325
0.161600,0.534382
0.161800,0.289594
0.162000,0.571846
0.162200,0.465708
0.162400,0.476559
0.162600,0.960645
0.162800,0.108716
0.163000,0.668004
0.163200,0.344566
0.163400,0.682592
0.163600,0.585006
0.163800,1.431097
0.164000,0.696994
0.164200,0.820807
0.164400,0.728390
0.164600,1.131689
0.164800,0.806518
0.165000,0.793360
0.165200,1.446073
0.165400,1.193374
0.165600,1.083327
0.165800,1.635396
0.166000,0.888531
0.166200,0.856375
0.166400,0.872162
0.166600,1.380607
0.166800,0.932683
0.167000,1.390824
0.167200,0.940102
0.167400,0.646332
0.167600,0.900508
0.167800,1.172023
0.168000,1.396081
0.168200,1.419586
0.168400,1.180625
0.168600,1.253383
0.168800,0.413212
0.169000,1.130609
0.169200,1.063922
0.169400,0.965164
0.169600,0.862885
0.169800,1.235136
0.170000,1.284814
0.170200,1.474956
0.170400,0.918004
0.170600,0.749703
0.170800,1.401254
0.171000,0.830330
0.171200,0.760105
0.171400,0.522671
0.171600,0.953174
0.171800,0.977762
0.172000,1.015008
0.172200,0.837304
0.172400,0.894671
0.172600,0.874086
0.172800,0.840795
0.173000,0.983361
0.173200,0.878343
0.173400,0.688866
0.173600,0.483815
0.173800,0.795375
0.174000,0.426967
0.174200,0.511092
0.174400,0.345888
0.174600,1.035314
0.174800,0.236669
0.175000,0.623087
0.175200,0.604112
0.175400,0.632338
0.175600,0.381948
0.175800,0.391734
0.176000,0.300815
0.176200,-0.349868
0.176400,0.118561
0.176600,0.630971
0.176800,0.066609
0.177000,0.285490
0.177200,0.892548
0.177400,-0.027138
0.177600,0.070830
0.177800,0.116367
0.178000,-0.337546
0.178200,-0.072032
0.178400,-0.228912
0.178600,0.247672
0.178800,0.033576
0.179000,-0.453948
0.179200,0.265695
0.179400,0.290286
0.179600,-0.058967
0.179800,0.252392
0.180000,0.146843
0.180200,-0.244306
0.180400,0.038854
0.180600,-0.001089
0.180800,-0.271944
0.181000,-0.335837
0.181200,0.006626
0.181400,0.464979
0.181600,-0.137572
0.181800,-0.092461
0.182000,-0.425682
0.182200,-0.244270
0.182400,-0.247571
0.182600,-0.309088
0.182800,-0.397105
0.183000,-0.263901
0.183200,-0.411412
0.183400,0.020399
0.183600,0.202852
0.183800,-0.519974
0.184000,-0.440923
0.184200,-0.262364
0.184400,-0.246081
0.184600,-0.604154
0.184800,-0.577750
0.185000,-0.310454
0.185200,-0.889043
0.185400,0.051681
0.185600,-0.449579
0.185800,-0.624035
0.186000,-0.608837
0.186200,-0.862984
0.186400,-0.167494
0.186600,-0.662641
0.186800,-0.773996
0.187000,-0.249497
0.187200,-0.454213
0.187400,-0.784120
0.187600,-0.649578
0.187800,-0.864564
0.188000,-0.894663
0.188200,-0.881577
0.188400,-0.773787
0.188600,-0.595750
0.188800,-0.395872
0.189000,-1.453578
0.189200,-0.349359
0.189400,-0.692629
0.189600,-0.962561
0.189800,-1.091321
0.190000,-1.467021
0.190200,-0.716599
0.190400,-1.303006
0.190600,-0.879444
0.190800,-1.157969
0.191000,-1.471374
0.191200,-0.969714
0.191400,-0.960775
0.191600,-1.322971
0.191800,-0.879402
0.192000,-0.646649
0.192200,-0.977574
0.192400,-0.993065
0.192600,-1.283447
0.192800,-1.357297
0.193000,-1.194784
0.193200,-1.070138
0.193400,-1.076882
0.193600,-1.120258
0.193800,-0.436589
0.194000,-0.903997
0.194200,-1.276377
0.194400,-1.316230
0.194600,-1.432781
0.194800,-1.230861
0.195000,-0.812426
0.195200,-1.005364
0.195400,-1.082555
0.195600,-0.735590
0.195800,-0.717750
0.196000,-0.732700
0.196200,-0.797835
0.196400,-0.771221
0.196600,-1.057771
0.196800,-1.154141
0.197000,-0.857850
0.197200,-0.815577
0.197400,-0.784126
0.197600,-0.582564
0.197800,-0.616605
0.198000,-0.782114
0.198200,-0.438670
0.198400,-0.285128
0.198600,-0.447724
0.198800,-0.074645
0.199000,-0.154824
0.199200,-0.090144
0.199400,-0.234339
0.199600,0.009245
0.199800,0.123514
0.200000,-0.482310
0.200200,0.314182
0.200400,-0.033663
0.200600,0.303608
0.200800,-0.389079
0.201000,0.125154
0.201200,-0.145340
0.201400,0.287487
0.201600,0.414493
0.201800,0.514691
0.202000,0.461135
0.202200,0.184961
0.202400,0.864944
0.202600,0.243071
0.202800,0.534330
0.203000,0.462062
0.203200,0.542202
0.203400,0.377344
0.203600,1.033434
0.203800,0.981056
0.204000,0.843456
0.204200,0.818969
0.204400,0.643003
0.204600,0.881821
0.204800,0.707047
0.205000,0.978711
0.205200,1.076907
0.205400,0.936354
0.205600,1.115835
0.205800,1.178199
0.206000,1.247950
0.206200,1.553213
0.206400,0.713613
0.206600,0.771360
0.206800,0.783265
0.207000,1.043813
0.207200,0.698838
0.207400,0.967390
0.207600,1.310434
0.207800,1.282550
0.208000,1.507888
0.208200,1.307661
0.208400,1.342274
0.208600,0.950119
0.208800,0.984804
0.209000,1.284660
0.209200,1.268934
0.209400,0.563319
0.209600,0.682213
0.209800,0.770741
0.210000,0.785007
0.210200,1.313152
0.210400,1.418173
0.210600,1.031199
0.210800,1.015120
0.211000,1.395921
0.211200,1.002429
0.211400,1.009233
0.211600,0.941321
0.211800,0.919917
0.212000,1.141385
0.212200,0.963112
0.212400,0.779981
0.212600,0.637227
0.212800,0.777211
0.213000,0.273082
0.213200,0.780406
0.213400,0.673189
0.213600,0.698318
0.213800,0.305452
0.214000,0.688433
0.214200,0.593780
0.214400,0.523190
0.214600,0.594629
0.214800,0.272049
0.215000,0.093015
0.215200,0.548565
0.215400,-0.137154
0.215600,0.540610
0.215800,0.887648
0.216000,0.442725
0.216200,0.543062
0.216400,0.716549
0.216600,0.551014
0.216800,0.839927
0.217000,0.033951
0.217200,0.147847
0.217400,0.335738
0.217600,-0.206740
0.217800,0.177773
0.218000,0.178757
0.218200,0.469513
0.218400,0.395059
0.218600,0.303264
0.218800,0.269540
0.219000,0.094525
0.219200,0.136207
0.219400,0.237131
0.219600,0.284386
0.219800,-0.164049
0.220000,0.112397
0.220200,-0.034545
0.220400,0.034930
0.220600,0.241336
0.220800,-0.125819
0.221000,-0.309677
0.221200,-0.323099
0.221400,-0.254992
0.221600,0.024127
0.221800,-0.186466
0.222000,-0.311581
0.222200,0.013811
0.222400,-0.156999
0.222600,-0.039763
0.222800,0.315102
0.223000,0.218578
0.223200,-0.184459
0.223400,-0.205239
0.223600,-0.031204
0.223800,-0.010165
0.224000,-0.439559
0.224200,-0.677018
0.224400,-0.176116
0.224600,-0.357011
0.224800,-0.282494
0.225000,-0.321383
0.225200,-0.654069
0.225400,-0.629596
0.225600,-0.257113
0.225800,-0.588398
0.226000,-0.766639
0.226200,-0.663480
0.226400,-0.518710
0.226600,-0.769220
0.226800,-0.230877
0.227000,-0.485665
0.227200,-1.084754
0.227400,-0.678128
0.227600,-0.366408
0.227800,0.042545
0.228000,-0.921806
0.228200,-0.820155
0.228400,-1.187232
0.228600,-0.730409
0.228800,-0.770547
0.229000,-0.839632
0.229200,-1.200999
0.229400,-0.753402
0.229600,-0.509651
0.229800,-0.644132
0.230000,-0.909438
0.230200,-1.027888
0.230400,-0.804779
0.230600,-1.077677
0.230800,-1.686555
0.231000,-1.494404
0.231200,-0.732263
0.231400,-0.749792
0.231600,-1.120371
0.231800,-1.293808
0.232000,-1.173072
0.232200,-1.421756
0.232400,-1.164396
0.232600,-0.663248
0.232800,-1.253854
0.233000,-1.291860
0.233200,-1.423372
0.233400,-1.028391
0.233600,-1.308011
0.233800,-0.896920
0.234000,-1.123930
0.234200,-0.611974
0.234400,-0.868255
0.234600,-0.878885
0.234800,-1.330180
0.235000,-0.951082
0.235200,-0.858109
0.235400,-0.823624
0.235600,-0.794144
0.235800,-0.824412
0.236000,-1.117478
0.236200,-1.396230
0.236400,-1.041076
0.236600,-0.474634
0.236800,-0.492752
0.237000,-0.370652
0.237200,-0.536378
0.237400,-0.522632
0.237600,-0.534942
0.237800,-0.925152
0.238000,-0.411420
0.238200,-0.574846
0.238400,-0.521401
0.238600,-0.571656
0.238800,-0.296212
0.239000,-0.004901
0.239200,0.012432
0.239400,-0.383653
0.239600,-0.033562
0.239800,-0.065706
0.240000,-0.502800
0.240200,0.282142
0.240400,-0.067619
0.240600,0.286043
0.240800,-0.010277
0.241000,0.428177
0.241200,0.591512
0.241400,0.389957
0.241600,0.504911
0.241800,0.249570
0.242000,0.376709
0.242200,0.218362
0.242400,0.802438
0.242600,0.875977
0.242800,0.498449
0.243000,0.665720
0.243200,0.526154
0.243400,0.400861
0.243600,0.633349
0.243800,0.495227
0.244000,0.340426
0.244200,0.929045
0.244400,0.634075
0.244600,0.898879
0.244800,0.269592
0.245000,0.979279
0.245200,0.805445
0.245400,0.841804
0.245600,1.233712
0.245800,1.001723
0.246000,1.121563
0.246200,1.072890
0.246400,1.190835
0.246600,0.881930
0.246800,1.084476
0.247000,1.034951
0.247200,1.274682
0.247400,0.955884
0.247600,1.289243
0.247800,1.232332
0.248000,0.952738
0.248200,1.275883
0.248400,0.989218
0.248600,0.922354
0.248800,0.874161
0.249000,0.796315
0.249200,1.132104
0.249400,0.993290
0.249600,0.952617
0.249800,1.228734
0.250000,1.220419
0.250200,1.011249
0.250400,0.482856
0.250600,1.070002
0.250800,0.440244
0.251000,0.687289
0.251200,0.850047
0.251400,1.253148
0.251600,0.227707
0.251800,0.443504
0.252000,0.625258
0.252200,0.954327
0.252400,0.350609
0.252600,0.535497
0.252800,1.015404
0.253000,0.909208
0.253200,0.513245
0.253400,0.895121
0.253600,0.639414
0.253800,0.367923
0.254000,0.392880
0.254200,0.391095
0.254400,0.255265
0.254600,0.616793
0.254800,0.731956
0.255000,0.097047
0.255200,0.601632
0.255400,0.152158
0.255600,0.373707
0.255800,0.446643
0.256000,0.603478
0.256200,0.323631
0.256400,0.371811
0.256600,0.697289
0.256800,0.674485
0.257000,0.515027
0.257200,0.420770
0.257400,0.341953
0.257600,0.606802
0.257800,0.363707
0.258000,-0.007397
0.258200,0.171583
0.258400,0.230955
0.258600,-0.236482
0.258800,-0.049121
0.259000,0.506865
0.259200,-0.221100
0.259400,0.174730
0.259600,0.109720
0.259800,0.256977
0.260000,-0.194293
0.260200,-0.209918
0.260400,-0.018146
0.260600,-0.204492
0.260800,0.323914
0.261000,-0.033729
0.261200,0.117916
0.261400,-0.360735
0.261600,0.019303
0.261800,0.477368
0.262000,-0.175802
0.262200,-0.459623
0.262400,0.087675
0.262600,-0.333524
0.262800,-0.555266
0.263000,-0.533647
0.263200,-0.566130
0.263400,-0.159287
0.263600,-0.522103
0.263800,-0.546871
0.264000,-0.443022
0.264200,-0.264298
0.264400,-0.169316
0.264600,-0.105067
0.264800,-0.518083
0.265000,-0.203028
0.265200,-0.676307
0.265400,-0.074409
0.265600,-0.369902
0.265800,-0.481579
0.266000,-0.968304
0.266200,-0.351112
0.266400,-0.735080
0.266600,-0.794505
0.266800,-0.870446
0.267000,-0.840296
0.267200,-0.588804
0.267400,-0.628696
0.267600,-0.745650
0.267800,-0.313225
0.268000,-1.116294
0.268200,-0.754823
0.268400,-1.180227
0.268600,-0.728565
0.268800,-0.746915
0.269000,-0.876493
0.269200,-0.803415
0.269400,-0.802572
0.269600,-0.845700
0.269800,-1.329821
0.270000,-0.780637
0.270200,-0.578010
0.270400,-0.748430
0.270600,-1.107455
0.270800,-0.562786
0.271000,-1.003138
0.271200,-0.781225
0.271400,-0.911677
0.271600,-0.728324
0.271800,-1.492297
0.272000,-1.296194
0.272200,-0.969169
0.272400,-1.160670
0.272600,-1.190882
0.272800,-0.721494
0.273000,-1.233540
0.273200,-1.010073
0.273400,-0.985687
0.273600,-1.127117
0.273800,-1.637937
0.274000,-1.512155
0.274200,-1.096916
0.274400,-0.465810
0.274600,-1.178180
0.274800,-0.984377
0.275000,-0.437640
0.275200,-0.924497
0.275400,-0.782015
0.275600,-0.805083
0.275800,-1.064471
0.276000,-1.040020
0.276200,-0.920143
0.276400,-0.763907
0.276600,-0.911516
0.276800,-0.816323
0.277000,-0.591228
0.277200,-0.318521
0.277400,0.010584
0.277600,-0.717099
0.277800,-0.427004
0.278000,-0.701551
0.278200,-0.567681
0.278400,-0.799191
0.278600,0.107072
0.278800,-0.385916
0.279000,0.006239
0.279200,-0.451144
0.279400,-0.727187
0.279600,0.332938
0.279800,-0.451016
0.280000,-0.258441
0.280200,0.347793
0.280400,0.116493
0.280600,0.094456
0.280800,0.521239
0.281000,0.163055
0.281200,0.479646
0.281400,0.015432
0.281600,0.725960
0.281800,0.273864
0.282000,0.500639
0.282200,0.318496
0.282400,0.335897
0.282600,0.509437
0.282800,0.847748
0.283000,0.595025
0.283200,0.741465
0.283400,0.610193
0.283600,1.093003
0.283800,0.428276
0.284000,0.406407
0.284200,1.208635
0.284400,0.342675
0.284600,1.339575
0.284800,0.930274
0.285000,1.065776
0.285200,1.059284
0.285400,0.833731
0.285600,1.145545
0.285800,1.541644
0.286000,1.351783
0.286200,0.881443
0.286400,1.380502
0.286600,0.786781
0.286800,1.032802
0.287000,1.129715
0.287200,1.408381
0.287400,0.753708
0.287600,1.363586
0.287800,0.997182
0.288000,0.688380
0.288200,1.343637
0.288400,0.984923
0.288600,0.581495
0.288800,1.273503
0.289000,0.643315
0.289200,0.959804
0.289400,0.760787
0.289600,0.826671
0.289800,1.287447
0.290000,1.158739
0.290200,0.606813
0.290400,0.910337
0.290600,0.965759
0.290800,1.269060
0.291000,1.025586
0.291200,0.587752
0.291400,0.546702
0.291600,1.014127
0.291800,1.017232
0.292000,0.653926
0.292200,0.624988
0.292400,0.886041
0.292600,0.807897
0.292800,0.054684
0.293000,0.620901
0.293200,0.871093
0.293400,0.270632
0.293600,0.835792
0.293800,0.282680
0.294000,0.629312
0.294200,0.336523
0.294400,0.121166
0.294600,0.557310
0.294800,0.453895
0.295000,0.837537
0.295200,0.642945
0.295400,0.016218
0.295600,0.473848
0.295800,0.616092
0.296000,0.562175
0.296200,0.794740
0.296400,0.797920
0.296600,0.113324
0.296800,0.367740
0.297000,0.852073
0.297200,0.552688
0.297400,0.047291
0.297600,-0.184207
0.297800,-0.209689
0.298000,0.326079
0.298200,0.118136
0.298400,0.082428
0.298600,-0.033230
0.298800,-0.119740
0.299000,0.233326
0.299200,0.056274
0.299400,0.155024
0.299600,-0.377861
0.299800,0.463169
0.300000,0.294705
0.300200,0.251942
0.300400,-0.547339
0.300600,0.175368
0.300800,-0.421556
0.301000,0.028106
0.301200,0.195344
0.301400,0.156213
0.301600,0.053308
0.301800,0.318152
0.302000,-0.120768
0.302200,-0.381241
0.302400,-0.328946
0.302600,-0.210068
0.302800,-0.023460
0.303000,-0.517427
0.303200,-0.066854
0.303400,-0.296104
0.303600,-0.424573
0.303800,-0.563129
0.304000,-0.467884
0.304200,-0.294421
0.304400,-0.440523
0.304600,-0.224673
0.304800,-0.837935
0.305000,-0.824547
0.305200,-0.738696
0.305400,-0.224764
0.305600,-0.559715
0.305800,-0.538652
0.306000,-0.423296
0.306200,-0.430580
0.306400,-0.751610
0.306600,-0.998479
0.306800,-0.754850
0.307000,-1.070900
0.307200,-0.728972
0.307400,-0.927139
0.307600,-0.686771
0.307800,-0.732498
0.308000,-0.895100
0.308200,-0.667655
0.308400,-0.138931
0.308600,-1.330718
0.308800,-0.283577
0.309000,-1.153630
0.309200,-1.268556
0.309400,-1.189033
0.309600,-0.783223
0.309800,-0.929865
0.310000,-1.155006
0.310200,-1.160139
0.310400,-1.219264
0.310600,-0.894523
0.310800,-0.740561
0.311000,-1.128766
0.311200,-1.244151
0.311400,-1.176406
0.311600,-1.665917
0.311800,-1.107834
0.312000,-1.002276
0.312200,-1.192541
0.312400,-1.227088
0.312600,-0.819693
0.312800,-1.019105
0.313000,-0.996345
0.313200,-0.961615
0.313400,-1.043995
0.313600,-0.742138
0.313800,-1.401918
0.314000,-1.054588
0.314200,-1.603091
0.314400,-1.121200
0.314600,-0.497308
0.314800,-1.299630
0.315000,-1.232908
0.315200,-0.952757
0.315400,-0.693517
0.315600,-0.712953
0.315800,-0.990982
0.316000,-0.401158
0.316200,-0.809026
0.316400,-0.477419
0.316600,-0.329761
0.316800,-0.938600
0.317000,-1.029972
0.317200,-0.484446
0.317400,-0.532845
0.317600,-0.530734
0.317800,-0.431068
0.318000,-0.481074
0.318200,-0.022595
0.318400,-1.121790
0.318600,-0.006880
0.318800,-0.214677
0.319000,-0.265551
0.319200,-0.431228
0.319400,0.167130
0.319600,-0.384246
0.319800,-0.020051
0.320000,0.284382
0.320200,-0.366642
0.320400,0.173146
0.320600,0.218650
0.320800,0.294211
0.321000,0.117412
0.321200,0.425800
0.321400,0.584238
0.321600,0.294026
0.321800,0.933803
0.322000,0.171859
0.322200,0.328439
0.322400,0.839907
0.322600,0.525219
0.322800,0.384187
0.323000,0.544610
0.323200,1.071485
0.323400,0.926583
0.323600,0.530446
0.323800,0.326211
0.324000,1.198608
0.324200,0.916454
0.324400,0.777339
0.324600,0.682446
0.324800,0.415954
0.325000,0.626763
0.325200,1.053555
0.325400,0.874712
0.325600,1.427457
0.325800,1.262046
0.326000,0.898728
0.326200,0.827716
0.326400,1.393086
0.326600,0.986552
0.326800,1.748286
0.327000,1.117378
0.327200,0.756209
0.327400,0.589822
0.327600,0.917038
0.327800,1.461587
0.328000,1.036222
0.328200,0.469207
0.328400,0.932749
0.328600,1.009832
0.328800,1.416783
0.329000,1.173090
0.329200,1.016788
0.329400,1.118143
0.329600,1.585427
0.329800,1.279966
0.330000,0.814637
0.330200,1.154853
0.330400,1.249677
0.330600,1.531081
0.330800,1.001667
0.331000,0.829608
0.331200,0.979667
0.331400,0.750148
0.331600,0.885870
0.331800,0.625092
0.332000,0.809966
0.332200,0.417308
0.332400,0.969633
0.332600,0.935155
0.332800,0.299493
0.333000,0.875538
0.333200,0.525121
0.333400,0.994870
0.333600,0.869212
0.333800,0.866391
0.334000,0.719032
0.334200,0.287225
0.334400,0.005660
0.334600,0.535988
0.334800,0.161275
0.335000,0.504556
0.335200,0.062972
0.335400,0.608579
0.335600,0.520814
0.335800,0.050893
0.336000,0.108850
0.336200,0.435616
0.336400,0.530907
0.336600,0.347431
0.336800,0.097180
0.337000,0.292208
0.337200,0.176550
0.337400,0.081268
0.337600,-0.155185
0.337800,0.189736
0.338000,-0.042651
0.338200,0.113034
0.338400,-0.375200
0.338600,0.320770
0.338800,-0.045059
0.339000,0.099063
0.339200,0.438187
0.339400,0.435672
0.339600,0.196945
0.339800,-0.239567
0.340000,-0.022040
0.340200,0.059302
0.340400,0.035877
0.340600,-0.012134
0.340800,0.141934
0.341000,0.085412
0.341200,0.209393
0.341400,0.093965
0.341600,-0.301948
0.341800,-0.224750
0.342000,-0.165224
0.342200,-0.076167
0.342400,-0.319925
0.342600,-0.217567
0.342800,-0.316107
0.343000,-0.385364
0.343200,-0.167463
0.343400,-0.062495
0.343600,0.133476
0.343800,-0.073976
0.344000,-0.448104
0.344200,-0.052986
0.344400,-0.749464
0.344600,-0.309383
0.344800,-0.574815
0.345000,-0.594807
0.345200,0.015797
0.345400,-0.607181
0.345600,-0.463445
0.345800,-0.400353
0.346000,-0.577604
0.346200,-0.934885
0.346400,-0.536100
0.346600,-0.727251
0.346800,-0.691670
0.347000,-0.694555
0.347200,-0.598156
0.347400,-0.632813
0.347600,-1.138256
0.347800,-0.726572
0.348000,-0.363083
0.348200,-1.303254
0.348400,-1.079706
0.348600,-1.041944
0.348800,-1.386758
0.349000,-1.367948
0.349200,-1.169789
0.349400,-0.661480
0.349600,-1.058527
0.349800,-1.217008
0.350000,-1.041985
0.350200,-0.892969
0.350400,-0.908021
0.350600,-1.031801
0.350800,-0.393883
0.351000,-0.998808
0.351200,-0.965950
0.351400,-1.215025
0.351600,-1.304400
0.351800,-1.385364
0.352000,-1.420502
0.352200,-0.962572
0.352400,-1.060432
0.352600,-1.257612
0.352800,-1.185187
0.353000,-0.828455
0.353200,-1.139199
0.353400,-1.071275
0.353600,-0.998208
0.353800,-0.935265
0.354000,-1.235839
0.354200,-1.648195
0.354400,-1.503718
0.354600,-0.909839
0.354800,-1.122646
0.355000,-1.042646
0.355200,-1.363349
0.355400,-1.109478
0.355600,-0.853156
0.355800,-0.845166
0.356000,-1.095246
0.356200,-1.083211
0.356400,-0.280273
0.356600,-0.790557
0.356800,-0.720127
0.357000,-0.991652
0.357200,-0.813699
0.357400,-0.648737
0.357600,-0.826844
0.357800,-0.475454
0.358000,-0.745013
0.358200,-0.599043
0.358400,-0.568686
0.358600,-0.739616
0.358800,-0.673994
0.359000,-0.203636
0.359200,-0.445146
0.359400,-0.187269
0.359600,-0.130535
0.359800,0.035815
0.360000,0.203109
0.360200,-0.114824
0.360400,-0.193929
0.360600,0.189666
0.360800,0.401457
0.361000,0.147365
0.361200,0.262811
0.361400,0.276084
0.361600,0.330488
0.361800,0.571653
0.362000,0.354927
0.362200,0.649105
0.362400,0.642850
0.362600,1.116957
0.362800,0.438074
0.363000,0.943776
0.363200,0.893551
0.363400,0.422420
0.363600,0.903550
0.363800,0.947443
0.364000,0.673270
0.364200,0.239783
0.364400,1.069408
0.364600,0.585279
0.364800,0.890948
0.365000,0.513452
0.365200,1.126824
0.365400,0.539166
0.365600,0.869224
0.365800,0.891155
0.366000,1.045044
0.366200,0.688756
0.366400,1.185385
0.366600,1.200739
0.366800,0.996612
0.367000,1.022160
0.367200,0.409201
0.367400,1.501304
0.367600,1.044224
0.367800,1.261983
0.368000,1.143752
0.368200,1.108183
0.368400,1.261219
0.368600,0.922493
0.368800,1.329101
0.369000,1.458746
0.369200,1.104510
0.369400,1.003175
0.369600,1.273745
0.369800,1.118535
0.370000,0.906252
0.370200,0.898437
0.370400,0.997977
0.370600,1.139222
0.370800,0.804037
0.371000,1.107938
0.371200,1.380890
0.371400,1.017636
0.371600,0.832446
0.371800,0.968611
0.372000,0.693574
0.372200,0.501645
0.372400,0.568974
0.372600,0.393137
0.372800,0.952506
0.373000,0.569398
0.373200,0.202602
0.373400,0.769364
0.373600,0.708818
0.373800,0.670565
0.374000,0.235958
0.374200,0.268591
0.374400,0.965429
0.374600,0.350910
0.374800,0.593382
0.375000,0.487864
0.375200,0.088603
0.375400,0.044708
0.375600,0.515715
0.375800,0.293228
0.376000,0.279433
0.376200,0.590089
0.376400,-0.096123
0.376600,0.274925
0.376800,0.563522
0.377000,0.462527
0.377200,0.164148
0.377400,0.332243
0.377600,0.353086
0.377800,-0.039506
0.378000,-0.207350
0.378200,0.361167
0.378400,0.141640
0.378600,0.566507
0.378800,-0.065587
0.379000,0.328187
0.379200,0.270700
0.379400,0.170414
0.379600,0.038655
0.379800,-0.220634
0.380000,-0.072980
0.380200,-0.139107
0.380400,-0.025692
0.380600,-0.308853
0.380800,-0.001697
0.381000,0.366367
0.381200,-0.314841
0.381400,0.021086
0.381600,-0.600948
0.381800,-0.019711
0.382000,-0.096533
0.382200,-0.407061
0.382400,-0.059193
0.382600,-0.188833
0.382800,0.218895
0.383000,-0.223442
0.383200,-0.171969
0.383400,-0.326454
0.383600,-0.590150
0.383800,0.320817
0.384000,-0.304366
0.384200,-0.294306
0.384400,-0.370649
0.384600,-0.779980
0.384800,-0.775054
0.385000,-0.875906
0.385200,-0.149207
0.385400,-0.376554
0.385600,-0.608757
0.385800,-0.905723
0.386000,-0.778978
0.386200,-0.620584
0.386400,-0.926578
0.386600,-0.423436
0.386800,-0.866232
0.387000,-0.759143
0.387200,-0.737318
0.387400,-1.282594
0.387600,-0.556343
0.387800,-0.771472
0.388000,-1.358070
0.388200,-0.924065
0.388400,-0.931651
0.388600,-1.128109
0.388800,-0.803049
0.389000,-0.609321
0.389200,-0.843274
0.389400,-1.301486
0.389600,-1.136120
0.389800,-1.478369
0.390000,-0.949849
0.390200,-1.264764
0.390400,-0.960498
0.390600,-0.842117
0.390800,-0.834735
0.391000,-1.013005
0.391200,-1.138264
0.391400,-1.487726
0.391600,-0.543703
0.391800,-0.541996
0.392000,-1.121349
0.392200,-0.992386
0.392400,-1.388461
0.392600,-1.197007
0.392800,-1.090921
0.393000,-1.240758
0.393200,-0.648048
0.393400,-1.002028
0.393600,-1.225833
0.393800,-1.161542
0.394000,-0.985911
0.394200,-1.430240
0.394400,-0.895542
0.394600,-1.008042
0.394800,-0.753857
0.395000,-0.868263
0.395200,-1.097369
0.395400,-1.076790
0.395600,-0.536459
0.395800,-0.747889
0.396000,-0.676620
0.396200,-0.646066
0.396400,-0.784688
0.396600,-1.001858
0.396800,-0.243109
0.397000,-0.704607
0.397200,-0.296343
0.397400,-0.601685
0.397600,-0.262453
0.397800,-0.714656
0.398000,-0.785014
0.398200,-0.482793
0.398400,-0.489728
0.398600,-0.159335
0.398800,-0.193532
0.399000,-0.620301
0.399200,-0.372838
0.399400,-0.490633
0.399600,-0.281276
0.399800,-0.070353
0.400000,-0.155226
0.400200,0.338741
0.400400,0.198721
0.400600,-0.071398
0.400800,0.509376
0.401000,0.461380
0.401200,0.328325
0.401400,0.233510
0.401600,0.853318
0.401800,0.612415
0.402000,0.187209
0.402200,0.538494
0.402400,0.331060
0.402600,0.803082
0.402800,0.361270
0.403000,0.497022
0.403200,0.538437
0.403400,0.848221
0.403600,0.499685
0.403800,0.796461
0.404000,0.287882
0.404200,1.067618
0.404400,0.211575
0.404600,0.953527
0.404800,0.996497
0.405000,0.832259
0.405200,1.253328
0.405400,1.280429
0.405600,1.284416
0.405800,1.315841
0.406000,1.128627
0.406200,0.964631
0.406400,1.136380
0.406600,1.355170
0.406800,1.074173
0.407000,0.493027
0.407200,0.677856
0.407400,1.550599
0.407600,0.895131
0.407800,0.947542
0.408000,1.334133
0.408200,1.318422
0.408400,1.228655
0.408600,1.118477
0.408800,0.543775
0.409000,1.619577
0.409200,0.959568
0.409400,1.314807
0.409600,1.064801
0.409800,0.881383
0.410000,0.933234
0.410200,0.941659
0.410400,1.379423
0.410600,0.625457
0.410800,1.029146
0.411000,1.361989
0.411200,0.762861
0.411400,0.878457
0.411600,0.554554
0.411800,1.237729
0.412000,0.520710
0.412200,0.942996
0.412400,0.266994
0.412600,0.519950
0.412800,0.767759
0.413000,0.410343
0.413200,0.601384
0.413400,0.306616
0.413600,0.640356
0.413800,0.299093
0.414000,0.306107
0.414200,0.614427
0.414400,0.048839
0.414600,0.659843
0.414800,0.275350
0.415000,0.856357
0.415200,0.303699
0.415400,0.192773
0.415600,0.418868
0.415800,0.620097
0.416000,-0.258886
0.416200,0.169236
0.416400,0.624032
0.416600,0.030004
0.416800,-0.034228
0.417000,-0.146048
0.417200,0.146634
0.417400,-0.099088
0.417600,0.309073
0.417800,-0.196191
0.418000,0.042888
0.418200,0.096940
0.418400,-0.023962
0.418600,0.052148
0.418800,-0.145484
0.419000,-0.143315
0.419200,0.370306
0.419400,0.153230
0.419600,0.137064
0.419800,0.279514
0.420000,0.100910
0.420200,-0.092111
0.420400,0.113436
0.420600,-0.108690
0.420800,0.373226
0.421000,-0.026909
0.421200,-0.083773
0.421400,0.279103
0.421600,0.077968
0.421800,-0.320814
0.422000,-0.042484
0.422200,-0.499376
0.422400,-0.258852
0.422600,-0.171018
0.422800,-0.198060
0.423000,-0.293099
0.423200,-0.509518
0.423400,-0.190182
0.423600,-0.170737
0.423800,-0.498278
0.424000,-0.355583
0.424200,-0.247514
0.424400,-0.268750
0.424600,-0.324629
0.424800,-0.316403
0.425000,-0.306062
0.425200,-0.298494
0.425400,-0.387828
0.425600,-0.652046
0.425800,-0.464261
0.426000,-0.738091
0.426200,-0.740750
0.426400,-0.532577
0.426600,-0.626918
0.426800,-0.834361
0.427000,-0.548723
0.427200,-0.901145
0.427400,-0.620253
0.427600,-1.091252
0.427800,-0.451050
0.428000,-0.682194
0.428200,-0.710449
0.428400,-0.843693
0.428600,-1.201474
0.428800,-1.307567
0.429000,-0.892014
0.429200,-1.022698
0.429400,-0.866992
0.429600,-0.707191
0.429800,-0.879871
0.430000,-1.240006
0.430200,-0.856634
0.430400,-1.181829
0.430600,-0.942245
0.430800,-0.904835
0.431000,-1.194785
0.431200,-0.709275
0.431400,-1.167640
0.431600,-1.081661
0.431800,-0.776329
0.432000,-1.051237
0.432200,-1.308140
0.432400,-1.188120
0.432600,-1.042119
0.432800,-1.208332
0.433000,-1.220306
0.433200,-0.850599
0.433400,-1.128217
0.433600,-0.636020
0.433800,-1.099748
0.434000,-1.302007
0.434200,-1.093636
0.434400,-0.783295
0.434600,-1.142828
0.434800,-0.699008
0.435000,-0.955349
0.435200,-0.835244
0.435400,-1.090768
0.435600,-0.874883
0.435800,-0.856491
0.436000,-0.563396
0.436200,-0.910903
0.436400,-1.152635
0.436600,-1.003988
0.436800,-0.862576
0.437000,-0.497156
0.437200,-0.842054
0.437400,-0.824267
0.437600,-0.615383
0.437800,-0.503041
0.438000,-0.477812
0.438200,-0.733921
0.438400,-0.447572
0.438600,-0.086417
0.438800,-0.181229
0.439000,-0.137970
0.439200,-0.377302
0.439400,-0.211284
0.439600,-0.406515
0.439800,0.095214
0.440000,0.211066
0.440200,-0.010751
0.440400,-0.000635
0.440600,-0.067518
0.440800,0.157701
0.441000,0.650525
0.441200,0.099802
0.441400,0.379574
0.441600,0.596408
0.441800,0.388610
0.442000,0.128487
0.442200,0.582616
0.442400,0.920948
0.442600,0.617587
0.442800,0.608712
0.443000,0.643509
0.443200,0.160493
0.443400,0.807198
0.443600,0.641547
0.443800,0.566253
0.444000,1.133888
0.444200,0.616712
0.444400,0.907309
0.444600,0.599553
0.444800,1.018086
0.445000,0.605191
0.445200,1.033871
0.445400,1.027481
0.445600,1.200087
0.445800,0.707742
0.446000,0.937288
0.446200,0.853524
0.446400,1.250649
0.446600,0.647147
0.446800,0.989410
0.447000,1.214827
0.447200,1.140975
0.447400,0.716107
0.447600,1.379176
0.447800,1.114992
0.448000,1.347656
0.448200,0.988532
0.448400,1.097916
0.448600,1.131539
0.448800,0.964719
0.449000,1.618033
0.449200,0.986243
0.449400,1.126990
0.449600,0.868599
0.449800,0.876246
0.450000,0.963307
0.450200,0.804875
0.450400,0.729443
0.450600,0.957951
0.450800,0.825884
0.451000,1.442186
0.451200,0.844520
0.451400,0.704460
0.451600,1.002276
0.451800,1.263802
0.452000,0.403040
0.452200,1.088266
0.452400,0.493902
0.452600,0.612756
0.452800,0.364322
0.453000,0.571390
0.453200,0.318403
0.453400,0.489749
0.453600,0.533793
0.453800,0.558056
0.454000,0.634754
0.454200,0.614155
0.454400,0.505314
0.454600,0.826247
0.454800,0.521447
0.455000,0.758417
0.455200,0.467882
0.455400,0.253447
0.455600,0.052386
0.455800,-0.327483
0.456000,0.241861
0.456200,0.040738
0.456400,0.303740
0.456600,0.610310
0.456800,-0.294174
0.457000,0.419980
0.457200,-0.145566
0.457400,-0.248586
0.457600,0.756755
0.457800,0.368533
0.458000,-0.581247
0.458200,0.480384
0.458400,0.071460
0.458600,0.484890
0.458800,-0.136249
0.459000,0.128530
0.459200,0.092548
0.459400,-0.470612
0.459600,0.063584
0.459800,0.214893
0.460000,-0.239190
0.460200,0.115661
0.460400,0.132935
0.460600,-0.041932
0.460800,0.220378
0.461000,0.080920
0.461200,0.308319
0.461400,-0.046796
0.461600,0.131787
0.461800,-0.181051
0.462000,0.007188
0.462200,-0.093889
0.462400,-0.086580
0.462600,-0.029597
0.462800,-0.312389
0.463000,-0.331971
0.463200,-0.721304
0.463400,-0.232940
0.463600,-0.602756
0.463800,-0.522274
0.464000,-0.445926
0.464200,-0.206960
0.464400,-0.248121
0.464600,-0.297627
0.464800,-0.480214
0.465000,-0.386711
0.465200,-0.702313
0.465400,-0.117518
0.465600,-0.119562
0.465800,-0.698148
0.466000,-0.881785
0.466200,-0.884658
0.466400,-0.850120
0.466600,-0.874683
0.466800,-0.589232
0.467000,-0.643465
0.467200,-0.500193
0.467400,-0.690435
0.467600,-0.705834
0.467800,-0.856467
0.468000,-0.414029
0.468200,-0.423623
0.468400,-1.045971
0.468600,-0.793892
0.468800,-0.954987
0.469000,-0.976136
0.469200,-1.070615
0.469400,-1.236159
0.469600,-1.034936
0.469800,-0.748456
0.470000,-0.655956
0.470200,-0.778759
0.470400,-0.993537
0.470600,-0.706073
0.470800,-1.073903
0.471000,-1.095734
0.471200,-1.406254
0.471400,-0.785693
0.471600,-0.835861
0.471800,-1.332169
0.472000,-1.412325
0.472200,-0.602296
0.472400,-1.044408
0.472600,-1.369193
0.472800,-1.174579
0.473000,-0.949123
0.473200,-0.818767
0.473400,-0.877631
0.473600,-0.668395
0.473800,-0.877816
0.474000,-0.933603
0.474200,-0.726320
0.474400,-1.141155
0.474600,-1.144324
0.474800,-1.331529
0.475000,-0.765913
0.475200,-1.109484
0.475400,-0.845714
0.475600,-0.857279
0.475800,-0.939542
0.476000,-0.926620
0.476200,-0.546861
0.476400,-0.356446
0.476600,-0.832958
0.476800,-0.887935
0.477000,-0.174030
0.477200,-0.595887
0.477400,-0.718772
0.477600,-0.621824
0.477800,-0.284381
0.478000,-0.477594
0.478200,-0.389572
0.478400,-0.691467
0.478600,-0.519176
0.478800,-0.001113
0.479000,-0.128892
0.479200,0.064724
0.479400,-0.566384
0.479600,-0.239604
0.479800,0.030434
0.480000,0.167737
0.480200,0.567485
0.480400,0.144349
0.480600,-0.082006
0.480800,-0.002563
0.481000,-0.101296
0.481200,0.615555
0.481400,0.286244
0.481600,0.208765
0.481800,0.699739
0.482000,0.792627
0.482200,0.418531
0.482400,0.409481
0.482600,0.652129
0.482800,0.195332
0.483000,0.781174
0.483200,0.862650
0.483400,0.774221
0.483600,0.939590
0.483800,0.798653
0.484000,0.868773
0.484200,1.202005
0.484400,0.911068
0.484600,1.315567
0.484800,1.148543
0.485000,0.891251
0.485200,0.967920
0.485400,0.828980
0.485600,1.320307
0.485800,1.726260
0.486000,0.983087
0.486200,1.133801
0.486400,1.192025
0.486600,1.103008
0.486800,1.045932
0.487000,1.252330
0.487200,0.731890
0.487400,0.881669
0.487600,1.159968
0.487800,1.116954
0.488000,1.147798
0.488200,1.240666
0.488400,1.388384
0.488600,0.819713
0.488800,0.904278
0.489000,1.333564
0.489200,1.076907
0.489400,1.089355
0.489600,1.332122
0.489800,0.556692
0.490000,1.372815
0.490200,1.033273
0.490400,0.648033
0.490600,1.252043
0.490800,1.379466
0.491000,1.286946
0.491200,0.827415
0.491400,1.043771
0.491600,0.982394
0.491800,0.484047
0.492000,1.444776
0.492200,0.533261
0.492400,1.275091
0.492600,0.728032
0.492800,0.778574
0.493000,0.625145
0.493200,1.014824
0.493400,1.089062
0.493600,0.663523
0.493800,0.437989
0.494000,0.396676
0.494200,0.715713
0.494400,-0.031678
0.494600,0.100079
0.494800,0.482095
0.495000,0.533951
0.495200,0.314314
0.495400,0.305455
0.495600,-0.038634
0.495800,0.273205
0.496000,0.311235
0.496200,0.402693
0.496400,0.453149
0.496600,-0.197067
0.496800,0.661899
0.497000,-0.276188
0.497200,0.362239
0.497400,0.102296
0.497600,0.442885
0.497800,0.317411
0.498000,0.114721
0.498200,0.066663
0.498400,-0.288202
0.498600,0.089137
0.498800,-0.087345
0.499000,-0.156567
0.499200,-0.216140
0.499400,0.049741
0.499600,-0.074049
0.499800,0.233417
0.500000,-0.135450
0.500200,-0.388335
0.500400,-0.228973
0.500600,-0.040797
0.500800,-0.521038
0.501000,0.249347
0.501200,-0.154338
0.501400,-0.146077
0.501600,-0.096202
0.501800,0.020300
0.502000,0.001742
0.502200,-0.369559
0.502400,-0.377537
0.502600,0.276880
0.502800,-0.760626
0.503000,-0.505517
0.503200,-0.492984
0.503400,-0.065145
0.503600,-0.240022
0.503800,-0.251362
0.504000,-0.568722
0.504200,-0.291255
0.504400,-0.633545
0.504600,-0.554101
0.504800,-0.625816
0.505000,-0.638814
0.505200,-0.730535
0.505400,-0.450172
0.505600,-0.451630
0.505800,-0.753647
0.506000,-0.687504
0.506200,-0.488684
0.506400,-0.581522
0.506600,-0.283559
0.506800,-0.730863
0.507000,-0.608482
0.507200,-0.547436
0.507400,-0.985984
0.507600,-1.030578
0.507800,-1.126051
0.508000,-0.702202
0.508200,-0.876973
0.508400,-0.785196
0.508600,-0.839196
0.508800,-0.839436
0.509000,-0.752994
0.509200,-1.031329
0.509400,-0.762193
0.509600,-0.814847
0.509800,-1.331317
0.510000,-1.059864
0.510200,-0.628828
0.510400,-0.132148
0.510600,-1.053707
0.510800,-1.048144
0.511000,-1.475138
0.511200,-1.046423
0.511400,-1.099484
0.511600,-1.231167
0.511800,-0.651804
0.512000,-1.045459
0.512200,-1.349012
0.512400,-1.374131
0.512600,-0.916215
0.512800,-1.255818
0.513000,-1.327258
0.513200,-1.509132
0.513400,-1.113403
0.513600,-0.921692
0.513800,-0.856595
0.514000,-0.986717
0.514200,-0.620903
0.514400,-1.313314
0.514600,-0.949987
0.514800,-0.884145
0.515000,-1.367300
0.515200,-0.981852
0.515400,-1.183317
0.515600,-0.826594
0.515800,-1.064242
0.516000,-0.662357
0.516200,-0.398107
0.516400,-0.817123
0.516600,-0.890490
0.516800,-0.996832
0.517000,-0.557411
0.517200,-0.850024
0.517400,-0.346899
0.517600,-0.124663
0.517800,-0.065688
0.518000,-0.000895
0.518200,-0.385232
0.518400,-0.254019
0.518600,-0.521199
0.518800,-0.611769
0.519000,-0.048648
0.519200,-0.544073
0.519400,0.106750
0.519600,-0.310058
0.519800,-0.099099
0.520000,0.433907
0.520200,0.110922
0.520400,0.221611
0.520600,0.073087
0.520800,0.401512
0.521000,0.168054
0.521200,0.046539
0.521400,0.077104
0.521600,-0.022075
0.521800,0.098172
0.522000,0.623626
0.522200,0.477097
0.522400,0.300266
0.522600,0.775500
0.522800,0.663706
0.523000,0.767257
0.523200,0.444554
0.523400,0.612208
0.523600,0.849324
0.523800,0.726592
0.524000,1.077033
0.524200,1.048391
0.524400,1.257376
0.524600,0.985790
0.524800,0.773746
0.525000,0.968596
0.525200,1.560191
0.525400,1.269605
0.525600,0.977680
0.525800,1.210318
0.526000,0.995538
0.526200,0.979258
0.526400,1.353318
0.526600,1.186579
0.526800,1.321093
0.527000,1.530165
0.527200,0.973652
0.527400,1.177628
0.527600,1.338853
0.527800,1.298959
0.528000,1.004515
0.528200,1.107106
0.528400,1.570174
0.528600,0.942891
0.528800,1.190508
0.529000,1.188567
0.529200,0.696244
0.529400,1.204881
0.529600,0.693473
0.529800,1.068879
0.530000,1.308679
0.530200,0.859693
0.530400,0.586828
0.530600,0.942809
0.530800,0.925078
0.531000,0.940604
0.531200,0.947007
0.531400,0.940484
0.531600,0.482238
0.531800,1.094874
0.532000,0.262328
0.532200,0.692723
0.532400,0.960103
0.532600,0.544506
0.532800,0.349317
0.533000,0.500590
0.533200,0.543511
0.533400,1.142922
0.533600,0.244546
0.533800,0.699852
0.534000,0.521120
0.534200,0.344008
0.534400,0.179475
0.534600,0.205040
0.534800,0.565247
0.535000,0.625799
0.535200,0.763788
0.535400,0.174322
0.535600,-0.138650
0.535800,0.514715
0.536000,0.481672
0.536200,0.625887
0.536400,-0.163795
0.536600,0.664134
0.536800,0.303379
0.537000,0.756194
0.537200,0.180818
0.537400,0.562608
0.537600,0.052116
0.537800,0.717036
0.538000,0.033717
0.538200,-0.234078
0.538400,0.187822
0.538600,0.397140
0.538800,0.412163
0.539000,0.064020
0.539200,0.162880
0.539400,0.044328
0.539600,0.368034
0.539800,0.277550
0.540000,-0.125833
0.540200,0.227409
0.540400,-0.036619
0.540600,0.249624
0.540800,-0.157896
0.541000,-0.056227
0.541200,-0.237570
0.541400,-0.502759
0.541600,-0.431993
0.541800,0.136076
0.542000,-0.007071
0.542200,-0.377214
0.542400,-0.073874
0.542600,-0.206587
0.542800,-0.040102
0.543000,-0.362434
0.543200,-0.273067
0.543400,-0.577861
0.543600,-0.022911
0.543800,-0.198583
0.544000,-0.320400
0.544200,0.240496
0.544400,-0.097108
0.544600,-0.055831
0.544800,-0.351846
0.545000,-0.585398
0.545200,-0.365130
0.545400,-0.489048
0.545600,-0.609616
0.545800,-0.250601
0.546000,-0.649010
0.546200,-0.531006
0.546400,-0.586052
0.546600,-1.016342
0.546800,-0.531077
0.547000,-0.495317
0.547200,-0.698439
0.547400,-0.670765
0.547600,-0.837811
0.547800,-0.937014
0.548000,-0.960365
0.548200,-1.275729
0.548400,-0.713256
0.548600,-1.200928
0.548800,-1.001922
0.549000,-1.431655
0.549200,-1.095872
0.549400,-0.812530
0.549600,-0.943815
0.549800,-0.975989
0.550000,-0.940104
0.550200,-1.437772
0.550400,-0.810947
0.550600,-1.147169
0.550800,-1.046413
0.551000,-0.955776
0.551200,-1.738017
0.551400,-0.726576
0.551600,-1.174019
0.551800,-0.954794
0.552000,-1.184047
0.552200,-1.254332
0.552400,-0.771147
0.552600,-1.400872
0.552800,-1.024061
0.553000,-1.225873
0.553200,-0.958346
0.553400,-0.855071
0.553600,-0.897012
0.553800,-0.920178
0.554000,-1.196698
0.554200,-1.093907
0.554400,-0.932958
0.554600,-0.697109
0.554800,-0.860843
0.555000,-1.004604
0.555200,-0.881085
0.555400,-0.680620
0.555600,-0.765923
0.555800,-0.630122
0.556000,-0.925908
0.556200,-0.567484
0.556400,-0.851347
0.556600,-0.704453
0.556800,-0.548801
0.557000,-0.988603
0.557200,-0.681869
0.557400,-0.510937
0.557600,-0.497695
0.557800,-0.290414
0.558000,-1.036727
0.558200,-0.828625
0.558400,-0.120513
0.558600,-0.139593
0.558800,0.207094
0.559000,-0.262667
0.559200,0.111856
0.559400,0.415609
0.559600,-0.665490
0.559800,-0.461502
0.560000,-0.124541
0.560200,-0.307999
0.560400,0.472929
0.560600,0.074515
0.560800,0.012443
0.561000,0.542649
0.561200,0.442528
0.561400,0.178890
0.561600,0.539963
0.561800,0.182579
0.562000,0.281477
0.562200,0.792689
0.562400,0.328043
0.562600,0.454409
0.562800,0.503022
0.563000,0.515706
0.563200,0.056477
0.563400,0.338330
0.563600,0.799779
0.563800,1.138516
0.564000,0.996802
0.564200,0.725256
0.564400,0.851080
0.564600,0.489883
0.564800,0.869898
0.565000,0.897038
0.565200,0.830627
0.565400,1.146875
0.565600,1.114013
0.565800,1.170106
0.566000,1.597493
0.566200,1.193228
0.566400,0.577803
0.566600,0.730854
0.566800,1.072333
0.567000,0.870575
0.567200,1.034321
0.567400,1.453518
0.567600,1.120895
0.567800,0.797624
0.568000,1.455712
0.568200,1.043496
0.568400,1.075922
0.568600,1.135519
0.568800,1.202622
0.569000,0.881000
0.569200,1.069440
0.569400,1.353293
0.569600,1.337277
0.569800,0.810528
0.570000,1.003981
0.570200,1.365015
0.570400,0.901526
0.570600,0.612807
0.570800,0.767988
0.571000,1.059699
0.571200,0.864517
0.571400,0.879224
0.571600,0.913278
0.571800,0.756861
0.572000,0.929537
0.572200,1.113238
0.572400,0.865093
0.572600,0.866744
0.572800,0.993084
0.573000,0.871394
0.573200,0.948232
0.573400,0.136102
0.573600,0.626786
0.573800,0.695128
0.574000,0.537451
0.574200,0.334689
0.574400,0.491765
0.574600,0.317647
0.574800,0.563824
0.575000,0.626434
0.575200,0.374974
0.575400,0.679233
0.575600,0.260724
0.575800,0.220883
0.576000,0.369965
0.576200,0.229504
0.576400,0.557851
0.576600,0.246730
0.576800,0.403948
0.577000,0.486305
0.577200,-0.174017
0.577400,0.201361
0.577600,0.226981
0.577800,-0.282327
0.578000,0.175588
0.578200,0.096883
0.578400,-0.232261
0.578600,0.444242
0.578800,0.126727
0.579000,-0.483980
0.579200,-0.055820
0.579400,-0.033797
0.579600,0.003267
0.579800,-0.175040
0.580000,-0.267728
0.580200,0.046518
0.580400,-0.272961
0.580600,0.193796
0.580800,0.058756
0.581000,-0.019985
0.581200,-0.237608
0.581400,-0.083874
0.581600,-0.113371
0.581800,-0.107708
0.582000,-0.563975
0.582200,-0.181149
0.582400,-0.766202
0.582600,-0.184311
0.582800,0.384302
0.583000,-0.494925
0.583200,-0.473278
0.583400,-0.082579
0.583600,-0.520231
0.583800,-0.587667
0.584000,-0.409137
0.584200,-0.332611
0.584400,-0.174713
0.584600,-0.529824
0.584800,-0.585576
0.585000,-0.522934
0.585200,-0.656229
0.585400,-0.427294
0.585600,-0.182982
0.585800,-0.755834
0.586000,-0.860261
0.586200,-0.612105
0.586400,-0.763633
0.586600,-0.999233
0.586800,-0.998367
0.587000,-1.152818
0.587200,-0.728953
0.587400,-0.921016
0.587600,-0.311468
0.587800,-0.683022
0.588000,-1.059551
0.588200,-1.101638
0.588400,-0.964804
0.588600,-1.210005
0.588800,-0.909863
0.589000,-0.635489
0.589200,-1.010321
0.589400,-1.122545
0.589600,-1.459812
0.589800,-1.352357
0.590000,-0.978577
0.590200,-1.048262
0.590400,-0.982124
0.590600,-1.398794
0.590800,-0.836112
0.591000,-1.190511
0.591200,-1.535094
0.591400,-1.359418
0.591600,-1.249662
0.591800,-1.113046
0.592000,-1.514372
0.592200,-0.881268
0.592400,-1.104739
0.592600,-0.887943
0.592800,-0.738520
0.593000,-1.167161
0.593200,-1.246313
0.593400,-0.935734
0.593600,-1.504913
0.593800,-0.789981
0.594000,-1.061877
0.594200,-1.139101
0.594400,-1.299949
0.594600,-1.324975
0.594800,-1.056019
0.595000,-0.842064
0.595200,-0.938654
0.595400,-1.485896
0.595600,-1.054962
0.595800,-0.726730
0.596000,-0.366788
0.596200,-0.832009
0.596400,-0.666907
0.596600,-0.727175
0.596800,-0.793784
0.597000,-0.944089
0.597200,-0.847794
0.597400,-0.914748
0.597600,-0.423408
0.597800,-0.285353
0.598000,-0.503253
0.598200,-0.572157
0.598400,-0.116770
0.598600,0.229530
0.598800,-0.716345
0.599000,-0.093724
0.599200,-0.153206
0.599400,-0.060812
0.599600,0.078918
0.599800,0.337615
0.600000,-0.031663
0.600200,0.585342
0.600400,-0.200820
0.600600,0.331285
0.600800,-0.169779
0.601000,-0.121008
0.601200,0.384143
0.601400,0.504572
0.601600,0.224403
0.601800,0.552794
0.602000,0.274373
0.602200,0.775861
0.602400,0.169162
0.602600,0.631121
0.602800,0.689935
0.603000,0.708770
0.603200,0.693176
0.603400,0.698010
0.603600,0.118330
0.603800,0.427658
0.604000,1.074906
0.604200,1.028768
0.604400,1.222455
0.604600,0.924840
0.604800,1.355825
0.605000,0.922304
0.605200,1.236187
0.605400,0.881053
0.605600,0.878369
0.605800,1.258530
0.606000,0.685211
0.606200,1.440772
0.606400,1.531161
0.606600,1.078213
0.606800,1.432036
0.607000,0.959282
0.607200,1.035463
0.607400,1.159369
0.607600,0.962575
0.607800,1.276219
0.608000,1.321310
0.608200,1.256873
0.608400,0.960792
0.608600,0.701533
0.608800,1.178530
0.609000,0.976469
0.609200,0.650079
0.609400,0.741259
0.609600,0.958015
0.609800,1.396125
0.610000,1.095257
0.610200,0.763879
0.610400,0.696826
0.610600,0.700503
0.610800,0.674964
0.611000,0.950491
0.611200,1.168374
0.611400,1.546131
0.611600,1.289487
0.611800,0.705740
0.612000,1.039097
0.612200,0.806169
0.612400,1.193880
0.612600,0.864201
0.612800,0.588370
0.613000,0.929810
0.613200,0.467233
0.613400,0.484544
0.613600,0.539839
0.613800,0.527698
0.614000,0.050752
0.614200,0.801314
0.614400,1.192501
0.614600,0.192268
0.614800,0.817703
0.615000,0.032731
0.615200,0.414472
0.615400,0.205750
0.615600,0.438864
0.615800,0.501540
0.616000,0.026953
0.616200,0.288714
0.616400,0.493879
0.616600,0.057895
0.616800,0.580548
0.617000,0.572960
0.617200,0.114624
0.617400,0.569447
0.617600,-0.288918
0.617800,0.025721
0.618000,0.295927
0.618200,0.381616
0.618400,0.403660
0.618600,0.356599
0.618800,0.105201
0.619000,0.251309
0.619200,0.070662
0.619400,-0.319754
0.619600,0.257487
0.619800,0.158027
0.620000,-0.031536
0.620200,-0.160055
0.620400,0.455295
0.620600,-0.280181
0.620800,-0.045116
0.621000,-0.254658
0.621200,-0.108974
0.621400,0.172325
0.621600,-0.025774
0.621800,-0.221966
0.622000,0.041289
0.622200,0.053506
0.622400,-0.213737
0.622600,-0.322465
0.622800,-0.414443
0.623000,-0.725066
0.623200,0.117065
0.623400,-0.467151
0.623600,-0.599398
0.623800,-0.542071
0.624000,-0.634604
0.624200,-0.093278
0.624400,-0.413383
0.624600,-0.657464
0.624800,-0.636488
0.625000,-0.707271
0.625200,-0.198326
0.625400,-0.859205
0.625600,-0.504434
0.625800,-0.425748
0.626000,-0.479205
0.626200,-0.538086
0.626400,-0.652911
0.626600,-1.228850
0.626800,-0.669424
0.627000,-0.812888
0.627200,-1.042409
0.627400,-0.373700
0.627600,-0.444293
0.627800,-0.874849
0.628000,-0.714754
0.628200,-0.825395
0.628400,-1.320594
0.628600,-0.976958
0.628800,-0.672599
0.629000,-0.938140
0.629200,-1.179324
0.629400,-0.665934
0.629600,-0.879362
0.629800,-1.273731
0.630000,-1.142295
0.630200,-1.120814
0.630400,-1.275322
0.630600,-0.852392
0.630800,-1.189805
0.631000,-1.030694
0.631200,-0.628301
0.631400,-1.249650
0.631600,-1.364795
0.631800,-1.093960
0.632000,-1.210815
0.632200,-1.183798
0.632400,-1.328840
0.632600,-1.487346
0.632800,-1.195868
0.633000,-1.416528
0.633200,-1.362783
0.633400,-0.369843
0.633600,-0.464777
0.633800,-0.465348
0.634000,-1.123721
0.634200,-1.306908
0.634400,-0.877413
0.634600,-1.255387
0.634800,-1.047555
0.635000,-1.190175
0.635200,-0.710581
0.635400,-0.935943
0.635600,-0.802174
0.635800,-1.006810
0.636000,-0.875130
0.636200,-1.247748
0.636400,-0.787221
0.636600,-0.806319
0.636800,-0.588673
0.637000,-0.773749
0.637200,-0.866955
0.637400,-0.559836
0.637600,-0.174179
0.637800,-0.534018
0.638000,-0.010396
0.638200,-1.038382
0.638400,-0.585740
0.638600,-0.391887
0.638800,-0.612642
0.639000,-0.918230
0.639200,-0.175441
0.639400,-0.389669
0.639600,-0.294952
0.639800,-0.082606
0.640000,-0.054450
0.640200,-0.108338
0.640400,0.248977
0.640600,-0.055472
0.640800,0.471674
0.641000,0.539750
0.641200,-0.116236
0.641400,0.105835
0.641600,0.599828
0.641800,0.094617
0.642000,0.311770
0.642200,0.537509
0.642400,0.789690
0.642600,0.872832
0.642800,0.582711
0.643000,0.791454
0.643200,0.775428
0.643400,1.135131
0.643600,0.758914
0.643800,0.760807
0.644000,0.776286
0.644200,0.531429
0.644400,0.557814
0.644600,0.236837
0.644800,1.301638
0.645000,1.447359
0.645200,0.547961
0.645400,1.210352
0.645600,1.116503
0.645800,0.981916
0.646000,1.202035
0.646200,1.034093
0.646400,1.733337
0.646600,1.306617
0.646800,0.890416
0.647000,0.821801
0.647200,1.442211
0.647400,1.033618
0.647600,1.046768
0.647800,1.137536
0.648000,1.114630
0.648200,1.383310
0.648400,0.852887
0.648600,0.507342
0.648800,0.935228
0.649000,0.866250
0.649200,0.895041
0.649400,0.626556
0.649600,0.793645
0.649800,0.651306
0.650000,1.239486
0.650200,0.711807
0.650400,0.909290
0.650600,1.307992
0.650800,0.844971
0.651000,1.004025
0.651200,1.141851
0.651400,1.013266
0.651600,0.702358
0.651800,0.565855
0.652000,1.126841
0.652200,0.828546
0.652400,0.579155
0.652600,0.647401
0.652800,0.699236
0.653000,0.244314
0.653200,0.785911
0.653400,0.902792
0.653600,0.454194
0.653800,0.384405
0.654000,0.468160
0.654200,0.498367
0.654400,1.029182
0.654600,0.714661
0.654800,0.524277
0.655000,0.303661
0.655200,0.454254
0.655400,0.367198
0.655600,0.100891
0.655800,0.263814
0.656000,0.460301
0.656200,0.061955
0.656400,-0.019483
0.656600,0.250696
0.656800,0.170927
0.657000,-0.178580
0.657200,0.530464
0.657400,0.508836
0.657600,0.718351
0.657800,0.065184
0.658000,0.304714
0.658200,0.451480
0.658400,0.263768
0.658600,0.399392
0.658800,0.135331
0.659000,-0.042533
0.659200,0.180392
0.659400,0.170255
0.659600,0.201633
0.659800,0.288429
0.660000,0.039718
0.660200,-0.069346
0.660400,0.263152
0.660600,-0.084615
0.660800,-0.268338
0.661000,0.157837
0.661200,-0.628842
0.661400,0.168409
0.661600,0.083152
0.661800,-0.144921
0.662000,0.123467
0.662200,-0.279727
0.662400,-0.121924
0.662600,-0.573942
0.662800,-0.541683
0.663000,-0.140483
0.663200,-0.373480
0.663400,-0.576099
0.663600,-0.077590
0.663800,-0.350074
0.664000,-0.516681
0.664200,-0.411559
0.664400,-0.015751
0.664600,-0.143591
0.664800,-0.421975
0.665000,-0.296257
0.665200,-0.624712
0.665400,-0.052255
0.665600,-0.197591
0.665800,-0.637732
0.666000,-0.521319
0.666200,-0.364180
0.666400,-0.376904
0.666600,-0.389623
0.666800,-0.493972
0.667000,-0.602361
0.667200,-1.110559
0.667400,-0.369735
0.667600,-0.842993
0.667800,-0.720287
0.668000,-0.811020
0.668200,-0.563278
0.668400,-0.953963
0.668600,-1.160609
0.668800,-0.523421
0.669000,-0.736241
0.669200,-0.543879
0.669400,-0.959977
0.669600,-0.881614
0.669800,-0.758106
0.670000,-1.254838
0.670200,-1.402193
0.670400,-1.235498
0.670600,-1.202190
0.670800,-0.608906
0.671000,-0.422763
0.671200,-1.126693
0.671400,-1.059159
0.671600,-1.168915
0.671800,-1.155110
0.672000,-1.012461
0.672200,-1.015102
0.672400,-1.189036
0.672600,-1.127634
0.672800,-1.248548
0.673000,-1.276315
0.673200,-1.187460
0.673400,-0.906952
0.673600,-0.949049
0.673800,-1.190773
0.674000,-0.803974
0.674200,-1.017234
0.674400,-0.776881
0.674600,-1.045684
0.674800,-0.528129
0.675000,-0.607770
0.675200,-0.752477
0.675400,-0.548890
0.675600,-1.044409
0.675800,-0.420045
0.676000,-1.131657
0.676200,-0.774532
0.676400,-0.915388
0.676600,-1.204733
0.676800,-1.016958
0.677000,-0.765042
0.677200,-0.496608
0.677400,-0.671957
0.677600,-0.304768
0.677800,-0.580012
0.678000,-0.687409
0.678200,-0.073180
0.678400,-0.067393
0.678600,-0.386086
0.678800,-0.682572
0.679000,-0.506259
0.679200,-0.316740
0.679400,-0.122032
0.679600,0.205478
0.679800,-0.029209
0.680000,0.072711
0.680200,0.154813
0.680400,-0.200950
0.680600,0.422261
0.680800,0.567485
0.681000,0.364758
0.681200,0.666390
0.681400,0.262050
0.681600,0.371040
0.681800,0.755413
0.682000,0.413321
0.682200,0.344920
0.682400,0.985058
0.682600,0.540769
0.682800,0.417579
0.683000,0.653432
0.683200,0.157172
0.683400,0.989431
0.683600,1.099025
0.683800,0.483556
0.684000,0.657705
0.684200,1.319542
0.684400,1.124582
0.684600,0.826550
0.684800,0.892320
0.685000,1.057438
0.685200,1.333609
0.685400,1.191853
0.685600,1.157354
0.685800,0.981307
0.686000,1.432594
0.686200,1.205066
0.686400,0.795918
0.686600,0.982585
0.686800,1.537939
0.687000,0.639032
0.687200,0.832762
0.687400,1.237001
0.687600,1.066519
0.687800,0.816555
0.688000,0.222135
0.688200,1.011393
0.688400,1.384064
0.688600,0.832227
0.688800,0.787554
0.689000,1.258588
0.689200,1.404932
0.689400,0.822611
0.689600,0.942425
0.689800,0.635700
0.690000,0.999610
0.690200,0.796722
0.690400,0.924245
0.690600,0.336463
0.690800,1.159083
0.691000,0.449052
0.691200,0.552889
0.691400,0.809255
0.691600,0.343375
0.691800,0.422598
0.692000,0.568116
0.692200,0.321778
0.692400,0.582056
0.692600,0.709229
0.692800,1.138052
0.693000,0.906148
0.693200,0.050386
0.693400,0.588670
0.693600,0.402258
0.693800,0.708545
0.694000,0.485527
0.694200,0.635604
0.694400,0.687495
0.694600,0.404627
0.694800,0.065925
0.695000,0.353363
0.695200,0.590630
0.695400,0.555513
0.695600,0.345090
0.695800,0.537389
0.696000,0.325646
0.696200,0.006273
0.696400,0.352900
0.696600,0.498711
0.696800,0.598255
0.697000,0.105339
0.697200,0.263909
0.697400,0.155215
0.697600,-0.140426
0.697800,0.259140
0.698000,-0.071722
0.698200,0.162302
0.698400,-0.038633
0.698600,-0.036421
0.698800,0.079913
0.699000,0.099371
0.699200,0.186926
0.699400,-0.054868
0.699600,-0.039107
0.699800,0.107238
0.700000,-0.105078
0.700200,-0.010457
0.700400,-0.175309
0.700600,-0.060240
0.700800,0.142691
0.701000,0.123700
0.701200,0.108915
0.701400,0.191444
0.701600,-0.090726
0.701800,0.102921
0.702000,-0.242641
0.702200,0.072432
0.702400,-0.008202
0.702600,0.200992
0.702800,-0.024775
0.703000,-0.082212
0.703200,-0.191581
0.703400,-0.415711
0.703600,-0.471414
0.703800,-0.117604
0.704000,-0.670363
0.704200,0.020268
0.704400,-0.340279
0.704600,-0.259616
0.704800,-0.192565
0.705000,-0.394433
0.705200,-0.499983
0.705400,-1.039349
0.705600,-0.435981
0.705800,-0.407220
0.706000,-0.937984
0.706200,-0.546656
0.706400,-0.644028
0.706600,-0.381558
0.706800,-1.091576
0.707000,-0.827648
0.707200,-0.761463
0.707400,-0.951574
0.707600,-0.711985
0.707800,-1.296025
0.708000,-1.371000
0.708200,-0.832957
0.708400,-0.711202
0.708600,-1.076349
0.708800,-0.798087
0.709000,-0.834446
0.709200,-0.785854
0.709400,-0.929453
0.709600,-1.393655
0.709800,-0.983811
0.710000,-0.968112
0.710200,-0.640032
0.710400,-1.403866
0.710600,-0.469465
0.710800,-1.075340
0.711000,-1.330977
0.711200,-1.145104
0.711400,-0.802784
0.711600,-1.076112
0.711800,-1.282449
0.712000,-0.925989
0.712200,-0.855499
0.712400,-1.099484
0.712600,-0.673451
0.712800,-0.569515
0.713000,-1.698449
0.713200,-1.079685
0.713400,-0.616446
0.713600,-0.945869
0.713800,-0.688477
0.714000,-0.903853
0.714200,-1.393612
0.714400,-1.174143
0.714600,-1.000458
0.714800,-0.644454
0.715000,-0.972750
0.715200,-1.053847
0.715400,-1.044323
0.715600,-0.835866
0.715800,-0.803391
0.716000,-0.251437
0.716200,-0.829204
0.716400,-1.071695
0.716600,-0.573518
0.716800,-0.624824
0.717000,-0.612520
0.717200,-0.797013
0.717400,-0.461742
0.717600,-0.660655
0.717800,-0.632876
0.718000,-0.603143
0.718200,-0.168232
0.718400,-0.727686
0.718600,-0.346838
0.718800,-0.345656
0.719000,-0.047083
0.719200,-0.231865
0.719400,0.087251
0.719600,-0.285176
0.719800,0.060954
0.720000,0.069039
0.720200,0.068374
0.720400,0.485307
0.720600,0.273872
0.720800,0.254372
0.721000,0.508234
0.721200,0.376104
0.721400,0.261924
0.721600,0.611381
0.721800,0.971221
0.722000,0.316540
0.722200,0.659109
0.722400,0.573279
0.722600,0.603103
0.722800,0.146963
0.723000,0.497251
0.723200,0.492047
0.723400,1.086853
0.723600,0.482318
0.723800,1.126717
0.724000,0.588522
0.724200,0.811592
0.724400,0.782308
0.724600,0.770299
0.724800,0.544367
0.725000,1.304820
0.725200,1.259501
0.725400,1.299236
0.725600,1.257795
0.725800,1.260297
0.726000,1.357102
0.726200,0.868492
0.726400,1.213280
0.726600,1.443243
0.726800,1.175414
0.727000,1.048758
0.727200,0.878091
0.727400,1.033899
0.727600,0.984320
0.727800,0.353452
0.728000,1.216623
0.728200,1.475556
0.728400,1.245987
0.728600,1.126696
0.728800,0.893098
0.729000,1.005436
0.729200,1.405213
0.729400,0.700516
0.729600,1.595693
0.729800,0.639693
0.730000,1.215413
0.730200,0.816529
0.730400,0.854631
0.730600,0.410553
0.730800,1.167250
0.731000,1.017957
0.731200,1.159128
0.731400,0.745689
0.731600,1.182998
0.731800,0.872653
0.732000,0.760942
0.732200,0.657463
0.732400,1.068651
0.732600,0.826520
0.732800,0.818092
0.733000,0.318985
0.733200,0.650552
0.733400,0.390435
0.733600,0.416573
0.733800,0.131331
0.734000,0.719247
0.734200,0.521258
0.734400,0.526067
0.734600,0.255926
0.734800,0.525896
0.735000,0.208362
0.735200,0.413570
0.735400,0.571292
0.735600,0.485744
0.735800,0.518718
0.736000,0.181165
0.736200,-0.155792
0.736400,0.379251
0.736600,0.023274
0.736800,0.190639
0.737000,-0.042660
0.737200,0.175064
0.737400,0.381451
0.737600,0.114822
0.737800,-0.126659
0.738000,0.198405
0.738200,0.212232
0.738400,0.133474
0.738600,0.182105
0.738800,0.405000
0.739000,0.495065
0.739200,0.241306
0.739400,-0.040359
0.739600,0.121976
0.739800,-0.331207
0.740000,0.002902
0.740200,0.449832
0.740400,-0.044379
0.740600,-0.050117
0.740800,-0.259068
0.741000,0.199710
0.741200,-0.166277
0.741400,-0.035318
0.741600,-0.215425
0.741800,-0.448371
0.742000,-0.206774
0.742200,-0.431583
0.742400,-0.366335
0.742600,-0.357679
0.742800,0.197343
0.743000,-0.089797
0.743200,-0.191867
0.743400,-0.447229
0.743600,-0.157411
0.743800,-0.363434
0.744000,-0.044532
0.744200,-0.425850
0.744400,0.038157
0.744600,-0.471007
0.744800,-0.412440
0.745000,-0.573543
0.745200,-0.485980
0.745400,-0.747260
0.745600,-0.811886
0.745800,-0.963600
0.746000,-0.781472
0.746200,-0.830996
0.746400,-0.546140
0.746600,-0.802845
0.746800,-0.704108
0.747000,-0.361000
0.747200,-0.563866
0.747400,-1.126334
0.747600,-0.657215
0.747800,-0.630981
0.748000,-0.839702
0.748200,-1.063441
0.748400,-0.757552
0.748600,-0.933424
0.748800,-0.823544
0.749000,-0.765091
0.749200,-0.825006
0.749400,-1.071813
0.749600,-1.370236
0.749800,-0.959739
0.750000,-1.030944
0.750200,-1.056453
0.750400,-0.947991
0.750600,-0.908839
0.750800,-1.323507
0.751000,-0.853931
0.751200,-0.986699
0.751400,-1.041498
0.751600,-1.072696
0.751800,-0.546961
0.752000,-0.985084
0.752200,-1.121494
0.752400,-1.497939
0.752600,-1.167436
0.752800,-0.976306
0.753000,-1.410897
0.753200,-1.124207
0.753400,-1.044307
0.753600,-0.874114
0.753800,-1.435844
0.754000,-1.092801
0.754200,-1.091232
0.754400,-1.014997
0.754600,-0.893684
0.754800,-0.759071
0.755000,-0.682766
0.755200,-0.285235
0.755400,-0.854186
0.755600,-0.768627
0.755800,-0.886250
0.756000,-0.845325
0.756200,-1.020898
0.756400,-0.806435
0.756600,-0.890244
0.756800,-1.012020
0.757000,-0.616789
0.757200,-0.758579
0.757400,-0.528254
0.757600,-0.610438
0.757800,-0.371942
0.758000,-0.095670
0.758200,-0.280991
0.758400,-0.458302
0.758600,-0.416592
0.758800,-0.226592
0.759000,-0.337476
0.759200,-0.274134
0.759400,0.145505
0.759600,-0.022630
0.759800,-0.165466
0.760000,0.046925
0.760200,0.018217
0.760400,-0.032510
0.760600,0.203351
0.760800,0.087290
0.761000,0.085496
0.761200,0.457959
0.761400,0.154777
0.761600,0.716486
0.761800,0.103688
0.762000,0.571904
0.762200,0.597001
0.762400,0.628430
0.762600,0.653285
0.762800,0.844497
0.763000,0.591866
0.763200,0.599076
0.763400,0.644726
0.763600,1.259801
0.763800,0.534246
0.764000,1.095379
0.764200,0.647340
0.764400,1.017255
0.764600,1.185891
0.764800,0.628429
0.765000,0.736195
0.765200,1.196060
0.765400,1.298492
0.765600,0.869276
0.765800,1.469469
0.766000,0.978907
0.766200,1.154967
0.766400,1.388808
0.766600,0.894909
0.766800,1.503567
0.767000,0.906550
0.767200,1.073466
0.767400,1.003276
0.767600,1.682288
0.767800,1.108196
0.768000,1.315145
0.768200,1.387824
0.768400,0.982718
0.768600,1.307327
0.768800,0.995755
0.769000,0.633335
0.769200,0.961811
0.769400,1.055017
0.769600,0.470310
0.769800,0.717659
0.770000,0.980627
0.770200,1.090930
0.770400,1.125013
0.770600,0.943514
0.770800,0.765445
0.771000,1.055426
0.771200,0.549018
0.771400,1.046507
0.771600,0.467438
0.771800,1.054908
0.772000,0.578774
0.772200,1.171074
0.772400,0.652045
0.772600,0.580859
0.772800,0.456532
0.773000,0.832124
0.773200,0.363857
0.773400,0.576742
0.773600,0.724977
0.773800,0.372662
0.774000,0.342689
0.774200,0.420546
0.774400,0.185587
0.774600,0.321375
0.774800,0.475260
0.775000,0.067524
0.775200,0.436800
0.775400,0.432143
0.775600,0.438325
0.775800,0.368981
0.776000,-0.236758
0.776200,0.104222
0.776400,0.386645
0.776600,0.248188
0.776800,-0.013322
0.777000,0.646009
0.777200,0.542677
0.777400,-0.128399
0.777600,0.158328
0.777800,0.313402
0.778000,0.565835
0.778200,-0.387052
0.778400,0.287394
0.778600,0.014799
0.778800,0.135168
0.779000,0.004344
0.779200,0.477552
0.779400,0.534317
0.779600,-0.037971
0.779800,-0.217575
0.780000,0.638256
0.780200,0.090921
0.780400,-0.300519
0.780600,0.233250
0.780800,-0.114170
0.781000,-0.162710
0.781200,0.168580
0.781400,-0.542776
0.781600,0.105832
0.781800,-0.100097
0.782000,-0.074029
0.782200,-0.131703
0.782400,-0.612684
0.782600,-0.407918
0.782800,-0.139659
0.783000,-0.123535
0.783200,-0.287471
0.783400,-0.704768
0.783600,-0.376612
0.783800,-0.529661
0.784000,-0.542664
0.784200,-0.251076
0.784400,-0.316316
0.784600,-0.791206
0.784800,-0.468367
0.785000,-0.315428
0.785200,-0.432578
0.785400,-0.545472
0.785600,-0.522836
0.785800,-0.843755
0.786000,-0.099617
0.786200,-0.562382
0.786400,-0.835887
0.786600,-1.103714
0.786800,-1.108518
0.787000,-0.845697
0.787200,-0.454321
0.787400,-0.879080
0.787600,-0.824944
0.787800,-1.035470
0.788000,-0.432508
0.788200,-0.266008
0.788400,-1.532268
0.788600,-0.962460
0.788800,-0.768373
0.789000,-0.788347
0.789200,-1.058767
0.789400,-1.068243
0.789600,-0.799208
0.789800,-0.605326
0.790000,-1.447089
0.790200,-1.189930
0.790400,-0.915219
0.790600,-1.299241
0.790800,-1.192828
0.791000,-0.734532
0.791200,-1.004312
0.791400,-1.215077
0.791600,-0.970418
0.791800,-1.434793
0.792000,-1.057245
0.792200,-0.987626
0.792400,-0.800823
0.792600,-0.940362
0.792800,-1.063439
0.793000,-1.142241
0.793200,-1.150144
0.793400,-0.773952
0.793600,-0.761428
0.793800,-0.925026
0.794000,-1.037974
0.794200,-1.247117
0.794400,-1.354021
0.794600,-1.111926
0.794800,-0.784574
0.795000,-0.917121
0.795200,-0.615035
0.795400,-0.956456
0.795600,-1.289866
0.795800,-1.027308
0.796000,-0.617147
0.796200,-0.733013
0.796400,-0.731443
0.796600,-0.739456
0.796800,-0.819326
0.797000,-0.496617
0.797200,-0.750437
0.797400,-0.481083
0.797600,-0.534607
0.797800,-0.900169
0.798000,-0.071838
0.798200,-0.476634
0.798400,-0.159820
0.798600,-0.177719
0.798800,-0.285606
0.799000,-0.348889
0.799200,-0.137096
0.799400,-0.274375
0.799600,-0.303553
0.799800,-0.174860
0.800000,-0.418518
0.800200,-0.205248
0.800400,0.058377
0.800600,0.279746
0.800800,-0.318749
0.801000,0.353192
0.801200,0.611008
0.801400,0.544772
0.801600,0.708405
0.801800,0.111562
0.802000,0.213733
0.802200,0.145393
0.802400,0.880603
0.802600,1.125161
0.802800,0.216697
0.803000,0.614957
0.803200,0.357846
0.803400,0.258442
0.803600,0.523752
0.803800,1.162721
0.804000,0.700152
0.804200,1.055361
0.804400,1.046943
0.804600,0.700573
0.804800,1.267529
0.805000,0.683623
0.805200,0.848268
0.805400,1.109157
0.805600,0.940176
0.805800,0.969192
0.806000,1.249061
0.806200,1.346961
0.806400,0.618739
0.806600,1.086851
0.806800,1.403107
0.807000,1.487964
0.807200,0.467344
0.807400,0.907726
0.807600,1.121872
0.807800,0.995541
0.808000,1.278097
0.808200,1.215182
0.808400,1.224836
0.808600,1.022630
0.808800,1.029631
0.809000,1.298268
0.809200,1.187343
0.809400,1.125946
0.809600,1.055897
0.809800,0.823927
0.810000,0.810435
0.810200,1.015960
0.810400,1.225603
0.810600,0.695146
0.810800,1.011651
0.811000,1.009770
0.811200,0.825719
0.811400,0.839728
0.811600,1.008239
0.811800,0.630330
0.812000,1.151607
0.812200,0.344980
0.812400,0.923336
0.812600,0.908668
0.812800,1.058021
0.813000,0.178759
0.813200,0.399781
0.813400,0.911539
0.813600,0.423022
0.813800,0.587349
0.814000,0.839952
0.814200,0.281115
0.814400,0.264014
0.814600,0.255155
0.814800,0.468923
0.815000,0.270055
0.815200,0.448705
0.815400,0.384821
0.815600,0.516835
0.815800,0.205513
0.816000,0.487655
0.816200,0.541206
0.816400,0.531856
0.816600,0.399667
0.816800,0.162994
0.817000,0.277746
0.817200,-0.117209
0.817400,0.291194
0.817600,0.423284
0.817800,0.015243
0.818000,0.510096
0.818200,0.353291
0.818400,0.619300
0.818600,-0.168553
0.818800,0.114396
0.819000,-0.086493
0.819200,-0.040525
0.819400,0.239510
0.819600,0.319939
0.819800,0.009256
0.820000,-0.083957
0.820200,-0.287350
0.820400,-0.043845
0.820600,0.021482
0.820800,0.094089
0.821000,0.154539
0.821200,-0.235124
0.821400,-0.281125
0.821600,0.204136
0.821800,-0.078759
0.822000,-0.590657
0.822200,0.221646
0.822400,-0.367891
0.822600,-0.012221
0.822800,-0.315353
0.823000,-0.237873
0.823200,0.146380
0.823400,-0.745298
0.823600,-0.389881
0.823800,-0.510943
0.824000,-0.418762
0.824200,-0.449414
0.824400,-0.160816
0.824600,-0.305877
0.824800,-0.553043
0.825000,-0.080590
0.825200,-0.268913
0.825400,-0.722686
0.825600,-0.618667
0.825800,-0.717598
0.826000,-0.517873
0.826200,-0.690945
0.826400,-0.431689
0.826600,-0.774200
0.826800,-0.662233
0.827000,-0.838624
0.827200,-0.864398
0.827400,-0.524012
0.827600,-1.136126
0.827800,-0.722950
0.828000,-0.598605
0.828200,-0.499392
0.828400,-1.083008
0.828600,-0.565477
0.828800,-0.917350
0.829000,-0.887772
0.829200,-0.860394
0.829400,-1.278573
0.829600,-0.638949
0.829800,-0.809462
0.830000,-1.164471
0.830200,-1.163006
0.830400,-0.440303
0.830600,-1.092985
0.830800,-1.072665
0.831000,-1.472961
0.831200,-1.132273
0.831400,-0.951860
0.831600,-1.225513
0.831800,-1.057977
0.832000,-1.017214
0.832200,-1.192689
0.832400,-0.850118
0.832600,-1.147878
0.832800,-1.118733
0.833000,-1.096043
0.833200,-1.537372
0.833400,-0.935356
0.833600,-0.878304
0.833800,-0.865554
0.834000,-0.935652
0.834200,-1.053893
0.834400,-0.879943
0.834600,-0.316553
0.834800,-1.253991
0.835000,-0.806037
0.835200,-0.811586
0.835400,-0.698950
0.835600,-1.239566
0.835800,-0.351652
0.836000,-0.502832
0.836200,-0.852431
0.836400,-0.305531
0.836600,-0.686785
0.836800,-0.162945
0.837000,-0.602151
0.837200,-1.121246
0.837400,-0.585978
0.837600,-0.652513
0.837800,-0.841625
0.838000,-0.703179
0.838200,-0.342802
0.838400,-0.556384
0.838600,-0.074241
0.838800,-0.700428
0.839000,-0.295417
0.839200,-0.069848
0.839400,-0.039334
0.839600,-0.234589
0.839800,0.020740
0.840000,-0.258798
0.840200,-0.128513
0.840400,-0.261066
0.840600,0.467994
0.840800,0.086516
0.841000,-0.014747
0.841200,0.207250
0.841400,0.664977
0.841600,0.808641
0.841800,0.189476
0.842000,0.908483
0.842200,0.484907
0.842400,0.827000
0.842600,0.799163
0.842800,0.426725
0.843000,0.484537
0.843200,0.275625
0.843400,0.737544
0.843600,0.864844
0.843800,0.743944
0.844000,0.515828
0.844200,0.968534
0.844400,1.085530
0.844600,0.951463
0.844800,0.778132
0.845000,1.042010
0.845200,0.743466
0.845400,1.067009
0.845600,1.110517
0.845800,1.297521
0.846000,1.511419
0.846200,1.520907
0.846400,1.291823
0.846600,0.947121
0.846800,1.254371
0.847000,0.740810
0.847200,1.095739
0.847400,1.069153
0.847600,0.975318
0.847800,1.226395
0.848000,0.990193
0.848200,1.597243
0.848400,1.045592
0.848600,1.557764
0.848800,1.146726
0.849000,0.816519
0.849200,1.082754
0.849400,1.578362
0.849600,0.991350
0.849800,1.037826
0.850000,1.138140
0.850200,1.182678
0.850400,1.155122
0.850600,0.525788
0.850800,0.747172
0.851000,0.777739
0.851200,1.650164
0.851400,0.670083
0.851600,0.882705
0.851800,1.499082
0.852000,0.930853
0.852200,1.117965
0.852400,0.971571
0.852600,0.339691
0.852800,0.596277
0.853000,0.627045
0.853200,0.214321
0.853400,0.121890
0.853600,0.867807
0.853800,1.075060
0.854000,0.304692
0.854200,0.518958
0.854400,0.889171
0.854600,0.765238
0.854800,0.126361
0.855000,0.447660
0.855200,0.537869
0.855400,-0.056706
0.855600,0.256613
0.855800,0.231523
0.856000,-0.225934
0.856200,0.130805
0.856400,0.341309
0.856600,0.395955
0.856800,-0.054473
0.857000,0.386605
0.857200,0.183679
0.857400,0.182057
0.857600,0.048761
0.857800,-0.363460
0.858000,0.378056
0.858200,0.261613
0.858400,0.121889
0.858600,-0.020385
0.858800,-0.243067
0.859000,0.180490
0.859200,-0.053129
0.859400,0.191261
0.859600,0.199593
0.859800,-0.109852
0.860000,-0.182917
0.860200,-0.057104
0.860400,0.050888
0.860600,-0.478505
0.860800,-0.016287
0.861000,-0.443023
0.861200,-0.186656
0.861400,0.465612
0.861600,-0.376498
0.861800,-0.401005
0.862000,-0.264664
0.862200,-0.235243
0.862400,-0.522492
0.862600,-0.129426
0.862800,-0.073844
0.863000,-0.124801
0.863200,-0.183669
0.863400,-0.357798
0.863600,-0.546233
0.863800,-0.321080
0.864000,-0.218885
0.864200,-0.582314
0.864400,-0.444449
0.864600,-0.410318
0.864800,0.130983
0.865000,-0.175054
0.865200,-0.141232
0.865400,-0.326217
0.865600,-0.678539
0.865800,-0.394902
0.866000,-0.190060
0.866200,-0.842291
0.866400,-0.602884
0.866600,-0.609388
0.866800,-0.525017
0.867000,-0.397112
0.867200,-0.761732
0.867400,-0.774766
0.867600,0.028619
0.867800,-0.901574
0.868000,-1.147300
0.868200,-0.791525
0.868400,-0.988742
0.868600,-0.911744
0.868800,-0.920051
0.869000,-1.481015
0.869200,-0.908420
0.869400,-0.891385
0.869600,-0.670467
0.869800,-0.940627
0.870000,-0.710919
0.870200,-0.604729
0.870400,-0.898053
0.870600,-0.926954
0.870800,-1.136739
0.871000,-0.909312
0.871200,-1.156939
0.871400,-1.669332
0.871600,-1.120630
0.871800,-0.809433
0.872000,-0.876473
0.872200,-1.167278
0.872400,-1.298826
0.872600,-1.166367
0.872800,-1.106288
0.873000,-1.385699
0.873200,-1.339258
0.873400,-1.099891
0.873600,-1.016577
0.873800,-0.915212
0.874000,-1.248034
0.874200,-1.514372
0.874400,-1.064548
0.874600,-0.753152
0.874800,-1.347303
0.875000,-1.171024
0.875200,-1.101778
0.875400,-0.497741
0.875600,-0.605913
0.875800,-0.937895
0.876000,-0.631010
0.876200,-0.970748
0.876400,-0.770473
0.876600,-1.187964
0.876800,-0.937687
0.877000,-0.894751
0.877200,-0.910544
0.877400,-0.440378
0.877600,-0.787818
0.877800,-0.246269
0.878000,-0.316874
0.878200,-0.353518
0.878400,-0.076643
0.878600,-0.261598
0.878800,-0.457520
0.879000,-0.341865
0.879200,-0.020751
0.879400,-0.459830
0.879600,0.133296
0.879800,-0.097725
0.880000,0.154676
0.880200,0.076554
0.880400,-0.100906
0.880600,0.537916
0.880800,0.126684
0.881000,0.309368
0.881200,0.146335
0.881400,0.123503
0.881600,0.392674
0.881800,0.287439
0.882000,0.440501
0.882200,0.531724
0.882400,0.406224
0.882600,0.825510
0.882800,0.768450
0.883000,0.142679
0.883200,0.464360
0.883400,0.634922
0.883600,0.516506
0.883800,0.611859
0.884000,0.986608
0.884200,0.976645
0.884400,0.479362
0.884600,0.584282
0.884800,0.996860
0.885000,0.881102
0.885200,1.182855
0.885400,0.834746
0.885600,1.024602
0.885800,0.813832
0.886000,0.976131
0.886200,1.209367
0.886400,1.166088
0.886600,0.802013
0.886800,1.348352
0.887000,1.077270
0.887200,1.206383
0.887400,1.207690
0.887600,0.986831
0.887800,1.317762
0.888000,0.916363
0.888200,0.999659
0.888400,0.784056
0.888600,0.695931
0.888800,1.623465
0.889000,1.023302
0.889200,0.951454
0.889400,1.511223
0.889600,0.593745
0.889800,1.320090
0.890000,1.061466
0.890200,0.949022
0.890400,0.908449
0.890600,0.873846
0.890800,1.302177
0.891000,1.163815
0.891200,0.856744
0.891400,0.671941
0.891600,0.854010
0.891800,0.573571
0.892000,0.600898
0.892200,0.706265
0.892400,0.568400
0.892600,0.573403
0.892800,0.621328
0.893000,0.428910
0.893200,1.044884
0.893400,0.109835
0.893600,0.793006
0.893800,0.761811
0.894000,0.526291
0.894200,0.506850
0.894400,0.559464
0.894600,0.512782
0.894800,0.653780
0.895000,0.592560
0.895200,0.332854
0.895400,0.166149
0.895600,0.470133
0.895800,0.513560
0.896000,0.546068
0.896200,0.191444
0.896400,0.928522
0.896600,-0.142799
0.896800,0.731291
0.897000,0.049344
0.897200,0.206488
0.897400,0.652394
0.897600,0.662145
0.897800,0.568166
0.898000,0.361148
0.898200,0.246536
0.898400,-0.219109
0.898600,-0.185923
0.898800,0.076285
0.899000,0.230768
0.899200,0.243241
0.899400,0.258817
0.899600,0.380356
0.899800,0.370308
0.900000,0.009970
0.900200,-0.538526
0.900400,0.220792
0.900600,-0.102257
0.900800,-0.183822
0.901000,-0.037257
0.901200,-0.418773
0.901400,-0.168331
0.901600,-0.490214
0.901800,-0.725576
0.902000,-0.338923
0.902200,0.185023
0.902400,-0.167388
0.902600,-0.021495
0.902800,-0.262922
0.903000,-0.152154
0.903200,-0.744498
0.903400,-0.472471
0.903600,-0.529139
0.903800,-0.673065
0.904000,-0.322451
0.904200,-0.273842
0.904400,-0.305088
0.904600,-0.428839
0.904800,-0.261163
0.905000,-0.442732
0.905200,-0.412150
0.905400,-0.648671
0.905600,-0.389490
0.905800,-0.443575
0.906000,-0.829238
0.906200,-0.759551
0.906400,-0.351872
0.906600,-0.969926
0.906800,-0.769400
0.907000,-0.434205
0.907200,-0.544132
0.907400,-0.491525
0.907600,-0.607919
0.907800,-0.871782
0.908000,-1.248974
0.908200,-0.312985
0.908400,-0.645679
0.908600,-1.090974
0.908800,-0.860006
0.909000,-1.068894
0.909200,-0.955999
0.909400,-0.801268
0.909600,-1.144094
0.909800,-0.511162
0.910000,-1.084108
0.910200,-1.128530
0.910400,-0.734918
0.910600,-1.332456
0.910800,-1.022891
0.911000,-0.536105
0.911200,-1.051112
0.911400,-1.026802
0.911600,-1.233332
0.911800,-1.327715
0.912000,-1.153891
0.912200,-0.531102
0.912400,-0.871438
0.912600,-0.966095
0.912800,-0.924824
0.913000,-0.853697
0.913200,-1.169916
0.913400,-1.083932
0.913600,-1.086580
0.913800,-0.947234
0.914000,-1.288082
0.914200,-1.358446
0.914400,-1.200502
0.914600,-0.900627
0.914800,-1.253356
0.915000,-0.764413
0.915200,-1.220683
0.915400,-0.963202
0.915600,-1.228539
0.915800,-0.701810
0.916000,-1.208559
0.916200,-1.297011
0.916400,-0.746339
0.916600,-0.647008
0.916800,-0.501072
0.917000,-0.612509
0.917200,-0.512759
0.917400,-0.533002
0.917600,-0.488006
0.917800,-0.154010
0.918000,-0.509099
0.918200,-0.656577
0.918400,-0.041980
0.918600,-0.082780
0.918800,-0.135776
0.919000,-0.369376
0.919200,-0.066948
0.919400,0.280981
0.919600,-0.212747
0.919800,0.121376
0.920000,-0.334549
0.920200,-0.184309
0.920400,0.339504
0.920600,0.306012
0.920800,0.100379
0.921000,-0.037186
0.921200,0.093936
0.921400,0.836494
0.921600,0.384669
0.921800,0.629907
0.922000,0.601903
0.922200,0.566158
0.922400,0.651060
0.922600,0.498023
0.922800,0.901136
0.923000,0.678916
0.923200,0.614076
0.923400,0.863118
0.923600,0.753348
0.923800,0.894213
0.924000,0.614857
0.924200,0.413068
0.924400,0.334296
0.924600,0.541437
0.924800,0.683265
0.925000,0.812680
0.925200,0.980358
0.925400,1.118460
0.925600,1.151881
0.925800,0.738594
0.926000,1.520787
0.926200,1.030938
0.926400,0.921156
0.926600,1.055900
0.926800,1.154562
0.927000,1.181662
0.927200,0.960169
0.927400,1.484336
0.927600,0.711505
0.927800,1.219723
0.928000,1.290452
0.928200,1.081891
0.928400,0.851915
0.928600,1.102532
0.928800,1.306612
0.929000,1.084784
0.929200,0.923791
0.929400,0.532065
0.929600,1.105037
0.929800,0.528020
0.930000,1.274879
0.930200,0.789760
0.930400,1.255551
0.930600,1.196245
0.930800,0.922960
0.931000,0.859745
0.931200,1.378243
0.931400,0.803576
0.931600,0.773647
0.931800,0.709973
0.932000,0.616978
0.932200,0.784074
0.932400,0.720659
0.932600,0.063649
0.932800,0.450157
0.933000,1.007868
0.933200,0.880238
0.933400,1.225524
0.933600,0.200726
0.933800,0.098188
0.934000,0.841240
0.934200,0.285200
0.934400,0.745067
0.934600,0.340501
0.934800,0.774898
0.935000,0.377891
0.935200,0.398840
0.935400,0.788456
0.935600,0.581690
0.935800,0.209643
0.936000,-0.343466
0.936200,0.726386
0.936400,0.283243
0.936600,0.357421
0.936800,0.043231
0.937000,0.222891
0.937200,0.030354
0.937400,0.041992
0.937600,-0.433374
0.937800,0.362400
0.938000,0.216290
0.938200,-0.053942
0.938400,0.416758
0.938600,0.055666
0.938800,-0.015067
0.939000,-0.178312
0.939200,0.445670
0.939400,0.575329
0.939600,-0.231712
0.939800,-0.243501
0.940000,-0.068184
0.940200,0.178854
0.940400,-0.017818
0.940600,-0.089434
0.940800,0.134056
0.941000,-0.027283
0.941200,-0.164274
0.941400,-0.157328
0.941600,-0.219375
0.941800,0.104028
0.942000,-0.166858
0.942200,-0.186953
0.942400,-0.199079
0.942600,0.017227
0.942800,-0.335831
0.943000,0.232351
0.943200,-0.487740
0.943400,-0.658728
0.943600,-0.250046
0.943800,-0.241935
0.944000,-0.457401
0.944200,0.451432
0.944400,-0.282898
0.944600,-0.100024
0.944800,-0.281446
0.945000,-0.371763
0.945200,-0.710117
0.945400,-0.462838
0.945600,-0.390370
0.945800,-0.877516
0.946000,-1.148233
0.946200,-0.289435
0.946400,-0.459397
0.946600,-0.529158
0.946800,-0.734474
0.947000,-0.484495
0.947200,-1.059066
0.947400,-0.882797
0.947600,-0.903110
0.947800,-0.486530
0.948000,-0.871958
0.948200,-0.978694
0.948400,-0.639004
0.948600,-0.630162
0.948800,-0.923609
0.949000,-0.810069
0.949200,-1.251266
0.949400,-1.091775
0.949600,-1.199480
0.949800,-1.052759
0.950000,-0.809452
0.950200,-1.203558
0.950400,-0.855442
0.950600,-0.835876
0.950800,-1.280477
0.951000,-0.526168
0.951200,-1.139754
0.951400,-1.355668
0.951600,-1.323665
0.951800,-0.979609
0.952000,-1.148062
0.952200,-1.068582
0.952400,-1.686661
0.952600,-1.327279
0.952800,-1.466509
0.953000,-0.893137
0.953200,-1.246348
0.953400,-1.220331
0.953600,-1.056698
0.953800,-0.760290
0.954000,-0.828655
0.954200,-0.807849
0.954400,-1.206981
0.954600,-1.081567
0.954800,-0.970108
0.955000,-1.206633
0.955200,-0.956448
0.955400,-0.893694
0.955600,-0.702870
0.955800,-1.331913
0.956000,-0.906528
0.956200,-0.773855
0.956400,-0.318996
0.956600,-0.569580
0.956800,-0.825337
0.957000,-0.838329
0.957200,-0.448849
0.957400,-0.460383
0.957600,-0.762028
0.957800,-0.472037
0.958000,-0.075002
0.958200,-0.259715
0.958400,-0.556599
0.958600,-0.689188
0.958800,-0.119353
0.959000,-0.178303
0.959200,0.065876
0.959400,0.182134
0.959600,-0.271886
0.959800,-0.041863
0.960000,-0.220096
0.960200,-0.389460
0.960400,0.026307
0.960600,0.345759
0.960800,0.215882
0.961000,0.231753
0.961200,-0.100334
0.961400,0.360593
0.961600,0.370716
0.961800,0.414342
0.962000,0.355034
0.962200,0.421026
0.962400,0.677927
0.962600,0.676020
0.962800,0.152053
0.963000,0.733890
0.963200,0.613449
0.963400,0.757368
0.963600,0.945612
0.963800,0.970894
0.964000,1.285997
0.964200,0.804794
0.964400,1.054370
0.964600,0.645643
0.964800,1.098649
0.965000,0.616733
0.965200,1.198148
0.965400,0.730258
0.965600,0.692200
0.965800,1.178899
0.966000,1.230733
0.966200,1.483209
0.966400,0.986508
0.966600,0.951961
0.966800,1.070926
0.967000,0.779216
0.967200,0.892848
0.967400,1.130878
0.967600,0.787856
0.967800,0.551104
0.968000,0.727266
0.968200,1.110650
0.968400,0.789245
0.968600,1.326608
0.968800,1.277133
0.969000,1.227085
0.969200,1.001256
0.969400,1.069498
0.969600,0.718787
0.969800,1.101044
0.970000,1.211808
0.970200,0.998498
0.970400,0.642877
0.970600,0.530665
0.970800,0.876108
0.971000,0.859959
0.971200,1.425380
0.971400,0.515832
0.971600,0.455642
0.971800,0.906574
0.972000,0.685091
0.972200,1.478883
0.972400,0.450398
0.972600,1.119036
0.972800,0.480677
0.973000,0.684088
0.973200,0.597645
0.973400,0.402191
0.973600,0.955274
0.973800,0.734950
0.974000,0.333280
0.974200,0.867598
0.974400,0.314130
0.974600,0.837562
0.974800,0.525610
0.975000,0.260522
0.975200,0.451847
0.975400,0.201561
0.975600,-0.045679
0.975800,0.714887
0.976000,0.201238
0.976200,0.137496
0.976400,-0.051326
0.976600,0.354709
0.976800,-0.237810
0.977000,-0.011543
0.977200,0.281654
0.977400,-0.086452
0.977600,0.349041
0.977800,0.340128
0.978000,0.384229
0.978200,0.080786
0.978400,-0.059825
0.978600,-0.059384
0.978800,0.564723
0.979000,0.215319
0.979200,0.124012
0.979400,0.142066
0.979600,0.489578
0.979800,0.376728
0.980000,-0.417677
0.980200,0.046644
0.980400,0.420000
0.980600,-0.100471
0.980800,-0.083151
0.981000,-0.261800
0.981200,0.029590
0.981400,-0.202719
0.981600,0.199325
0.981800,-0.407564
0.982000,-0.242003
0.982200,-0.135476
0.982400,-0.291026
0.982600,-0.294614
0.982800,-0.177576
0.983000,-0.331553
0.983200,-0.242059
0.983400,-0.630224
0.983600,-0.003812
0.983800,-0.806999
0.984000,-0.517454
0.984200,-0.021572
0.984400,-0.930761
0.984600,0.108110
0.984800,-0.584315
0.985000,-0.531730
0.985200,-0.483666
0.985400,-0.233929
0.985600,-0.562614
0.985800,-0.384730
0.986000,-0.330726
0.986200,-0.204394
0.986400,-0.559244
0.986600,-0.794074
0.986800,-0.971509
0.987000,-0.862455
0.987200,-0.794696
0.987400,-0.882623
0.987600,-0.563921
0.987800,-1.273247
0.988000,-0.966747
0.988200,-0.628635
0.988400,-0.940658
0.988600,-0.897349
0.988800,-0.730302
0.989000,-0.538855
0.989200,-0.626109
0.989400,-1.138899
0.989600,-1.439076
0.989800,-0.972455
0.990000,-1.256031
0.990200,-1.136411
0.990400,-1.237053
0.990600,-0.764356
0.990800,-1.181307
0.991000,-1.114035
0.991200,-0.833431
0.991400,-0.974225
0.991600,-1.157275
0.991800,-1.026949
0.992000,-0.712970
0.992200,-0.894374
0.992400,-1.138285
0.992600,-0.980462
0.992800,-1.056165
0.993000,-0.756663
0.993200,-1.174068
0.993400,-0.924286
0.993600,-0.544330
0.993800,-1.265506
0.994000,-1.050165
0.994200,-0.642613
0.994400,-0.555135
0.994600,-0.788432
0.994800,-0.881882
0.995000,-0.976722
0.995200,-1.369905
0.995400,-1.132647
0.995600,-0.615232
0.995800,-0.977355
0.996000,-0.894375
0.996200,-0.744005
0.996400,-0.801280
0.996600,-0.842789
0.996800,-1.241885
0.997000,-0.555003
0.997200,-0.623461
0.997400,-0.517916
0.997600,-0.641396
0.997800,-0.332699
0.998000,-0.671403
0.998200,-0.046251
0.998400,-0.167479
0.998600,-0.083042
0.998800,-0.336851
0.999000,-0.798592
0.999200,-0.453284
0.999400,-0.579823
0.999600,-0.085345
0.999800,0.049774
